ISO-10303-21;
HEADER;
FILE_DESCRIPTION(('Open CASCADE Model'),'2;1');
FILE_NAME('Open CASCADE Shape Model','2026-08-25T12:45:59',('Author'),(
    'Open CASCADE'),'Open CASCADE STEP processor 7.6','Open CASCADE 7.6'
  ,'Unknown');
FILE_SCHEMA((
'AP242_MANAGED_MODEL_BASED_3D_ENGINEERING_MIM_LF. {1 0 10303 442 1 1 4 
}'));
ENDSEC;
DATA;
#1 = APPLICATION_PROTOCOL_DEFINITION('international standard',
  'ap242_managed_model_based_3d_engineering',2013,#2);
#2 = APPLICATION_CONTEXT('Managed model based 3d engineering');
#3 = SHAPE_DEFINITION_REPRESENTATION(#4,#10);
#4 = PRODUCT_DEFINITION_SHAPE('','',#5);
#5 = PRODUCT_DEFINITION('design','',#6,#9);
#6 = PRODUCT_DEFINITION_FORMATION('','',#7);
#7 = PRODUCT('Open CASCADE STEP translator 7.6 1',
  'Open CASCADE STEP translator 7.6 1','',(#8));
#8 = PRODUCT_CONTEXT('',#2,'mechanical');
#9 = PRODUCT_DEFINITION_CONTEXT('part definition',#2,'design');
#10 = ADVANCED_BREP_SHAPE_REPRESENTATION('',(#11,#15),#1711);
#11 = AXIS2_PLACEMENT_3D('',#12,#13,#14);
#12 = CARTESIAN_POINT('',(0.,0.,0.));
#13 = DIRECTION('',(0.,0.,1.));
#14 = DIRECTION('',(1.,0.,-0.));
#15 = MANIFOLD_SOLID_BREP('',#16);
#16 = CLOSED_SHELL('',(#17,#690,#1226,#1312,#1581,#1618,#1646,#1652,
    #1707));
#17 = ADVANCED_FACE('',(#18),#32,.T.);
#18 = FACE_BOUND('',#19,.T.);
#19 = EDGE_LOOP('',(#20,#117,#574,#633));
#20 = ORIENTED_EDGE('',*,*,#21,.F.);
#21 = EDGE_CURVE('',#22,#24,#26,.T.);
#22 = VERTEX_POINT('',#23);
#23 = CARTESIAN_POINT('',(23.332883243476,0.,1.645E+03));
#24 = VERTEX_POINT('',#25);
#25 = CARTESIAN_POINT('',(80.,0.,1.755E+03));
#26 = SURFACE_CURVE('',#27,(#31,#74),.PCURVE_S1.);
#27 = ( BOUNDED_CURVE() B_SPLINE_CURVE(2,(#28,#29,#30),.UNSPECIFIED.,.F.
,.F.) B_SPLINE_CURVE_WITH_KNOTS((3,3),(-1.570796326795,0.),
.PIECEWISE_BEZIER_KNOTS.) CURVE() GEOMETRIC_REPRESENTATION_ITEM() 
RATIONAL_B_SPLINE_CURVE((1.,0.707106781187,1.)) REPRESENTATION_ITEM('') 
  );
#28 = CARTESIAN_POINT('',(4.898587196589E-15,0.,1.64E+03));
#29 = CARTESIAN_POINT('',(80.,0.,1.64E+03));
#30 = CARTESIAN_POINT('',(80.,0.,1.755E+03));
#31 = PCURVE('',#32,#68);
#32 = ( BOUNDED_SURFACE() B_SPLINE_SURFACE(2,2,(
    (#33,#34,#35,#36,#37)
    ,(#38,#39,#40,#41,#42)
    ,(#43,#44,#45,#46,#47)
    ,(#48,#49,#50,#51,#52)
    ,(#53,#54,#55,#56,#57)
    ,(#58,#59,#60,#61,#62)
    ,(#63,#64,#65,#66,#67
)),.UNSPECIFIED.,.T.,.F.,.F.) B_SPLINE_SURFACE_WITH_KNOTS((1,2,2,2,2,1),
  (3,2,3),(-2.094395102393,0.,2.094395102393,4.188790204786,
    6.28318530718,8.377580409573),(-1.570796326795,0.,1.570796326795),
.UNSPECIFIED.) GEOMETRIC_REPRESENTATION_ITEM() RATIONAL_B_SPLINE_SURFACE
((
    (1.,0.707106781187,1.,0.707106781187,1.)
    ,(0.5,0.353553390593,0.5,0.353553390593,0.5)
    ,(1.,0.707106781187,1.,0.707106781187,1.)
    ,(0.5,0.353553390593,0.5,0.353553390593,0.5)
    ,(1.,0.707106781187,1.,0.707106781187,1.)
    ,(0.5,0.353553390593,0.5,0.353553390593,0.5)
,(1.,0.707106781187,1.,0.707106781187,1.
))) REPRESENTATION_ITEM('') SURFACE() );
#33 = CARTESIAN_POINT('',(4.898587196589E-15,0.,1.64E+03));
#34 = CARTESIAN_POINT('',(80.,0.,1.64E+03));
#35 = CARTESIAN_POINT('',(80.,0.,1.755E+03));
#36 = CARTESIAN_POINT('',(80.,0.,1.87E+03));
#37 = CARTESIAN_POINT('',(4.898587196589E-15,0.,1.87E+03));
#38 = CARTESIAN_POINT('',(4.898587196589E-15,1.060575238725E-14,1.64E+03
    ));
#39 = CARTESIAN_POINT('',(80.,173.20508075688,1.64E+03));
#40 = CARTESIAN_POINT('',(80.,173.20508075688,1.755E+03));
#41 = CARTESIAN_POINT('',(80.,173.20508075688,1.87E+03));
#42 = CARTESIAN_POINT('',(4.898587196589E-15,1.060575238725E-14,1.87E+03
    ));
#43 = CARTESIAN_POINT('',(-2.449293598295E-15,5.302876193625E-15,
    1.64E+03));
#44 = CARTESIAN_POINT('',(-40.,86.602540378444,1.64E+03));
#45 = CARTESIAN_POINT('',(-40.,86.602540378444,1.755E+03));
#46 = CARTESIAN_POINT('',(-40.,86.602540378444,1.87E+03));
#47 = CARTESIAN_POINT('',(-2.449293598295E-15,5.302876193625E-15,
    1.87E+03));
#48 = CARTESIAN_POINT('',(-9.797174393179E-15,-1.499759782662E-30,
    1.64E+03));
#49 = CARTESIAN_POINT('',(-160.,-2.449293598295E-14,1.64E+03));
#50 = CARTESIAN_POINT('',(-160.,-2.449293598295E-14,1.755E+03));
#51 = CARTESIAN_POINT('',(-160.,-2.449293598295E-14,1.87E+03));
#52 = CARTESIAN_POINT('',(-9.797174393179E-15,-1.499759782662E-30,
    1.87E+03));
#53 = CARTESIAN_POINT('',(-2.449293598295E-15,-5.302876193625E-15,
    1.64E+03));
#54 = CARTESIAN_POINT('',(-40.,-86.60254037844,1.64E+03));
#55 = CARTESIAN_POINT('',(-40.,-86.60254037844,1.755E+03));
#56 = CARTESIAN_POINT('',(-40.,-86.60254037844,1.87E+03));
#57 = CARTESIAN_POINT('',(-2.449293598295E-15,-5.302876193625E-15,
    1.87E+03));
#58 = CARTESIAN_POINT('',(4.898587196589E-15,-1.060575238725E-14,
    1.64E+03));
#59 = CARTESIAN_POINT('',(80.,-173.2050807568,1.64E+03));
#60 = CARTESIAN_POINT('',(80.,-173.2050807568,1.755E+03));
#61 = CARTESIAN_POINT('',(80.,-173.2050807568,1.87E+03));
#62 = CARTESIAN_POINT('',(4.898587196589E-15,-1.060575238725E-14,
    1.87E+03));
#63 = CARTESIAN_POINT('',(4.898587196589E-15,0.,1.64E+03));
#64 = CARTESIAN_POINT('',(80.,0.,1.64E+03));
#65 = CARTESIAN_POINT('',(80.,0.,1.755E+03));
#66 = CARTESIAN_POINT('',(80.,0.,1.87E+03));
#67 = CARTESIAN_POINT('',(4.898587196589E-15,0.,1.87E+03));
#68 = DEFINITIONAL_REPRESENTATION('',(#69),#73);
#69 = LINE('',#70,#71);
#70 = CARTESIAN_POINT('',(0.,0.));
#71 = VECTOR('',#72,1.);
#72 = DIRECTION('',(0.,1.));
#73 = ( GEOMETRIC_REPRESENTATION_CONTEXT(2) 
PARAMETRIC_REPRESENTATION_CONTEXT() REPRESENTATION_CONTEXT('2D SPACE',''
  ) );
#74 = PCURVE('',#75,#111);
#75 = ( BOUNDED_SURFACE() B_SPLINE_SURFACE(2,2,(
    (#76,#77,#78,#79,#80)
    ,(#81,#82,#83,#84,#85)
    ,(#86,#87,#88,#89,#90)
    ,(#91,#92,#93,#94,#95)
    ,(#96,#97,#98,#99,#100)
    ,(#101,#102,#103,#104,#105)
    ,(#106,#107,#108,#109,#110
)),.UNSPECIFIED.,.T.,.F.,.F.) B_SPLINE_SURFACE_WITH_KNOTS((1,2,2,2,2,1),
  (3,2,3),(-2.094395102393,0.,2.094395102393,4.188790204786,
    6.28318530718,8.377580409573),(-1.570796326795,0.,1.570796326795),
.UNSPECIFIED.) GEOMETRIC_REPRESENTATION_ITEM() RATIONAL_B_SPLINE_SURFACE
((
    (1.,0.707106781187,1.,0.707106781187,1.)
    ,(0.5,0.353553390593,0.5,0.353553390593,0.5)
    ,(1.,0.707106781187,1.,0.707106781187,1.)
    ,(0.5,0.353553390593,0.5,0.353553390593,0.5)
    ,(1.,0.707106781187,1.,0.707106781187,1.)
    ,(0.5,0.353553390593,0.5,0.353553390593,0.5)
,(1.,0.707106781187,1.,0.707106781187,1.
))) REPRESENTATION_ITEM('') SURFACE() );
#76 = CARTESIAN_POINT('',(4.898587196589E-15,0.,1.64E+03));
#77 = CARTESIAN_POINT('',(80.,0.,1.64E+03));
#78 = CARTESIAN_POINT('',(80.,0.,1.755E+03));
#79 = CARTESIAN_POINT('',(80.,0.,1.87E+03));
#80 = CARTESIAN_POINT('',(4.898587196589E-15,0.,1.87E+03));
#81 = CARTESIAN_POINT('',(4.898587196589E-15,1.060575238725E-14,1.64E+03
    ));
#82 = CARTESIAN_POINT('',(80.,173.20508075688,1.64E+03));
#83 = CARTESIAN_POINT('',(80.,173.20508075688,1.755E+03));
#84 = CARTESIAN_POINT('',(80.,173.20508075688,1.87E+03));
#85 = CARTESIAN_POINT('',(4.898587196589E-15,1.060575238725E-14,1.87E+03
    ));
#86 = CARTESIAN_POINT('',(-2.449293598295E-15,5.302876193625E-15,
    1.64E+03));
#87 = CARTESIAN_POINT('',(-40.,86.602540378444,1.64E+03));
#88 = CARTESIAN_POINT('',(-40.,86.602540378444,1.755E+03));
#89 = CARTESIAN_POINT('',(-40.,86.602540378444,1.87E+03));
#90 = CARTESIAN_POINT('',(-2.449293598295E-15,5.302876193625E-15,
    1.87E+03));
#91 = CARTESIAN_POINT('',(-9.797174393179E-15,-1.499759782662E-30,
    1.64E+03));
#92 = CARTESIAN_POINT('',(-160.,-2.449293598295E-14,1.64E+03));
#93 = CARTESIAN_POINT('',(-160.,-2.449293598295E-14,1.755E+03));
#94 = CARTESIAN_POINT('',(-160.,-2.449293598295E-14,1.87E+03));
#95 = CARTESIAN_POINT('',(-9.797174393179E-15,-1.499759782662E-30,
    1.87E+03));
#96 = CARTESIAN_POINT('',(-2.449293598295E-15,-5.302876193625E-15,
    1.64E+03));
#97 = CARTESIAN_POINT('',(-40.,-86.60254037844,1.64E+03));
#98 = CARTESIAN_POINT('',(-40.,-86.60254037844,1.755E+03));
#99 = CARTESIAN_POINT('',(-40.,-86.60254037844,1.87E+03));
#100 = CARTESIAN_POINT('',(-2.449293598295E-15,-5.302876193625E-15,
    1.87E+03));
#101 = CARTESIAN_POINT('',(4.898587196589E-15,-1.060575238725E-14,
    1.64E+03));
#102 = CARTESIAN_POINT('',(80.,-173.2050807568,1.64E+03));
#103 = CARTESIAN_POINT('',(80.,-173.2050807568,1.755E+03));
#104 = CARTESIAN_POINT('',(80.,-173.2050807568,1.87E+03));
#105 = CARTESIAN_POINT('',(4.898587196589E-15,-1.060575238725E-14,
    1.87E+03));
#106 = CARTESIAN_POINT('',(4.898587196589E-15,0.,1.64E+03));
#107 = CARTESIAN_POINT('',(80.,0.,1.64E+03));
#108 = CARTESIAN_POINT('',(80.,0.,1.755E+03));
#109 = CARTESIAN_POINT('',(80.,0.,1.87E+03));
#110 = CARTESIAN_POINT('',(4.898587196589E-15,0.,1.87E+03));
#111 = DEFINITIONAL_REPRESENTATION('',(#112),#116);
#112 = LINE('',#113,#114);
#113 = CARTESIAN_POINT('',(6.28318530718,0.));
#114 = VECTOR('',#115,1.);
#115 = DIRECTION('',(0.,1.));
#116 = ( GEOMETRIC_REPRESENTATION_CONTEXT(2) 
PARAMETRIC_REPRESENTATION_CONTEXT() REPRESENTATION_CONTEXT('2D SPACE',''
  ) );
#117 = ORIENTED_EDGE('',*,*,#118,.F.);
#118 = EDGE_CURVE('',#119,#22,#121,.T.);
#119 = VERTEX_POINT('',#120);
#120 = CARTESIAN_POINT('',(-11.66644162173,25.258587040483,1.645E+03));
#121 = SURFACE_CURVE('',#122,(#269,#419),.PCURVE_S1.);
#122 = B_SPLINE_CURVE_WITH_KNOTS('',5,(#123,#124,#125,#126,#127,#128,
    #129,#130,#131,#132,#133,#134,#135,#136,#137,#138,#139,#140,#141,
    #142,#143,#144,#145,#146,#147,#148,#149,#150,#151,#152,#153,#154,
    #155,#156,#157,#158,#159,#160,#161,#162,#163,#164,#165,#166,#167,
    #168,#169,#170,#171,#172,#173,#174,#175,#176,#177,#178,#179,#180,
    #181,#182,#183,#184,#185,#186,#187,#188,#189,#190,#191,#192,#193,
    #194,#195,#196,#197,#198,#199,#200,#201,#202,#203,#204,#205,#206,
    #207,#208,#209,#210,#211,#212,#213,#214,#215,#216,#217,#218,#219,
    #220,#221,#222,#223,#224,#225,#226,#227,#228,#229,#230,#231,#232,
    #233,#234,#235,#236,#237,#238,#239,#240,#241,#242,#243,#244,#245,
    #246,#247,#248,#249,#250,#251,#252,#253,#254,#255,#256,#257,#258,
    #259,#260,#261,#262,#263,#264,#265,#266,#267,#268),.UNSPECIFIED.,.F.
  ,.F.,(6,4,4,4,4,4,4,4,4,4,4,4,4,4,4,4,4,4,4,4,4,4,4,4,4,4,4,4,4,4,4,4,
    4,4,4,4,6),(0.,1.987039418459E-02,3.995748775134E-02,
    6.033660368689E-02,8.100403323868E-02,0.117099071056,0.153947747854,
    0.191653605962,0.230252545164,0.232491482097,0.235294513481,
    0.256757931261,0.278318977225,0.300172979154,0.322327289965,
    0.344887700958,0.367658834246,0.390739748761,0.414127166611,
    0.440874175938,0.46798422216,0.495431999098,0.523075057132,
    0.555837607348,0.588773047361,0.622016075483,0.655248527069,
    0.700322639463,0.745139657155,0.789445664838,0.832894347943,
    0.875486350458,0.916926151912,0.957060430763,0.995675851762,
    0.998404247827,1.),.UNSPECIFIED.);
#123 = CARTESIAN_POINT('',(-11.66644162173,25.258587040483,1.645E+03));
#124 = CARTESIAN_POINT('',(-11.49292200431,25.383814037771,1.645E+03));
#125 = CARTESIAN_POINT('',(-11.31792772741,25.507001045827,1.645E+03));
#126 = CARTESIAN_POINT('',(-11.14147725767,25.628106088895,1.645E+03));
#127 = CARTESIAN_POINT('',(-10.96359097471,25.747087063395,1.645E+03));
#128 = CARTESIAN_POINT('',(-10.60303598829,25.981990351343,1.645E+03));
#129 = CARTESIAN_POINT('',(-10.42033630085,26.097865186831,1.645E+03));
#130 = CARTESIAN_POINT('',(-10.23621514993,26.211482601624,1.645E+03));
#131 = CARTESIAN_POINT('',(-10.05069773768,26.322799109816,1.645E+03));
#132 = CARTESIAN_POINT('',(-9.674208198878,26.542327873216,1.645E+03));
#133 = CARTESIAN_POINT('',(-9.483195991372,26.650471511246,1.645E+03));
#134 = CARTESIAN_POINT('',(-9.29080339444,26.756157033637,1.645E+03));
#135 = CARTESIAN_POINT('',(-9.097061423141,26.859339714212,1.645E+03));
#136 = CARTESIAN_POINT('',(-8.704186030129,27.062034755862,1.645E+03));
#137 = CARTESIAN_POINT('',(-8.505015112645,27.161474586879,1.645E+03));
#138 = CARTESIAN_POINT('',(-8.304525666872,27.258248747846,1.645E+03));
#139 = CARTESIAN_POINT('',(-8.102755244815,27.352312153387,1.645E+03));
#140 = CARTESIAN_POINT('',(-7.545191163183,27.603088416277,1.645E+03));
#141 = CARTESIAN_POINT('',(-7.186853397829,27.754153683567,1.645E+03));
#142 = CARTESIAN_POINT('',(-6.824945835408,27.896581958549,1.645E+03));
#143 = CARTESIAN_POINT('',(-6.459706649773,28.03015122631,1.645E+03));
#144 = CARTESIAN_POINT('',(-5.715403021127,28.28176649789,1.645E+03));
#145 = CARTESIAN_POINT('',(-5.336208303945,28.399430440152,1.645E+03));
#146 = CARTESIAN_POINT('',(-4.954097112892,28.507435306641,1.645E+03));
#147 = CARTESIAN_POINT('',(-4.569373296234,28.605588818241,1.645E+03));
#148 = CARTESIAN_POINT('',(-3.786354289076,28.783919996431,1.645E+03));
#149 = CARTESIAN_POINT('',(-3.387950243517,28.863627004782,1.645E+03));
#150 = CARTESIAN_POINT('',(-2.987505208276,28.932675594099,1.645E+03));
#151 = CARTESIAN_POINT('',(-2.585389460715,28.990929818082,1.645E+03));
#152 = CARTESIAN_POINT('',(-1.769038532008,29.086776893057,1.645E+03));
#153 = CARTESIAN_POINT('',(-1.354740129196,29.12384834598,1.645E+03));
#154 = CARTESIAN_POINT('',(-0.939513536686,29.149403122704,1.645E+03));
#155 = CARTESIAN_POINT('',(-0.523783856964,29.163386298294,1.645E+03));
#156 = CARTESIAN_POINT('',(-8.386534771407E-02,29.165931237635,1.645E+03
    ));
#157 = CARTESIAN_POINT('',(-5.97465715754E-02,29.166031809962,1.645E+03)
  );
#158 = CARTESIAN_POINT('',(-3.562763948633E-02,29.166093427193,1.645E+03
    ));
#159 = CARTESIAN_POINT('',(-1.150863534725E-02,29.166116088788,1.645E+03
    ));
#160 = CARTESIAN_POINT('',(4.280606783532E-02,29.166079395514,1.645E+03)
  );
#161 = CARTESIAN_POINT('',(7.300176015618E-02,29.165997938307,1.645E+03)
  );
#162 = CARTESIAN_POINT('',(0.103197269254,29.165855423195,1.645E+03));
#163 = CARTESIAN_POINT('',(0.133392430498,29.16565185161,1.645E+03));
#164 = CARTESIAN_POINT('',(0.394794037934,29.163360933679,1.645E+03));
#165 = CARTESIAN_POINT('',(0.625971004142,29.157754879029,1.645E+03));
#166 = CARTESIAN_POINT('',(0.857043913999,29.148570345903,1.645E+03));
#167 = CARTESIAN_POINT('',(1.087939177885,29.135813339177,1.645E+03));
#168 = CARTESIAN_POINT('',(1.550277289177,29.103101603819,1.645E+03));
#169 = CARTESIAN_POINT('',(1.781717958534,29.083114375628,1.645E+03));
#170 = CARTESIAN_POINT('',(2.012831584033,29.059543798851,1.645E+03));
#171 = CARTESIAN_POINT('',(2.243545274984,29.032405362373,1.645E+03));
#172 = CARTESIAN_POINT('',(2.707157797584,28.970615986735,1.645E+03));
#173 = CARTESIAN_POINT('',(2.940043829493,28.935867937965,1.645E+03));
#174 = CARTESIAN_POINT('',(3.172370834987,28.897495931462,1.645E+03));
#175 = CARTESIAN_POINT('',(3.404066172457,28.855525331206,1.645E+03));
#176 = CARTESIAN_POINT('',(3.869226388057,28.763820750838,1.645E+03));
#177 = CARTESIAN_POINT('',(4.102671923938,28.713987949679,1.645E+03));
#178 = CARTESIAN_POINT('',(4.335322195426,28.660518587875,1.645E+03));
#179 = CARTESIAN_POINT('',(4.567106306206,28.603447806673,1.645E+03));
#180 = CARTESIAN_POINT('',(5.033037390709,28.481070419461,1.645E+03));
#181 = CARTESIAN_POINT('',(5.2671498731,28.415631939908,1.645E+03));
#182 = CARTESIAN_POINT('',(5.500221515632,28.346540822615,1.645E+03));
#183 = CARTESIAN_POINT('',(5.732183711046,28.273842123054,1.645E+03));
#184 = CARTESIAN_POINT('',(6.195914379087,28.120614646017,1.645E+03));
#185 = CARTESIAN_POINT('',(6.427660861522,28.040018981972,1.645E+03));
#186 = CARTESIAN_POINT('',(6.658143647656,27.955847582347,1.645E+03));
#187 = CARTESIAN_POINT('',(6.887299519104,27.868153401778,1.645E+03));
#188 = CARTESIAN_POINT('',(7.345937214884,27.684591024053,1.645E+03));
#189 = CARTESIAN_POINT('',(7.575381095403,27.588627758953,1.645E+03));
#190 = CARTESIAN_POINT('',(7.803338891325,27.489160654946,1.645E+03));
#191 = CARTESIAN_POINT('',(8.029752926444,27.386250018061,1.645E+03));
#192 = CARTESIAN_POINT('',(8.4823718576,27.172255092264,1.645E+03));
#193 = CARTESIAN_POINT('',(8.708534057845,27.061080313316,1.645E+03));
#194 = CARTESIAN_POINT('',(8.933000617519,26.946498926449,1.645E+03));
#195 = CARTESIAN_POINT('',(9.155720189324,26.82857725201,1.645E+03));
#196 = CARTESIAN_POINT('',(9.629307109802,26.568779194844,1.645E+03));
#197 = CARTESIAN_POINT('',(9.879621983868,26.425894933538,1.645E+03));
#198 = CARTESIAN_POINT('',(10.127520070455,26.27883144606,1.645E+03));
#199 = CARTESIAN_POINT('',(10.372938035164,26.127690864125,1.645E+03));
#200 = CARTESIAN_POINT('',(10.861997564985,25.815356155797,1.645E+03));
#201 = CARTESIAN_POINT('',(11.105569744945,25.65405328045,1.645E+03));
#202 = CARTESIAN_POINT('',(11.346477385875,25.488774754277,1.645E+03));
#203 = CARTESIAN_POINT('',(11.584668474903,25.319627338968,1.645E+03));
#204 = CARTESIAN_POINT('',(12.058459700437,24.971653333462,1.645E+03));
#205 = CARTESIAN_POINT('',(12.29399050397,24.7927323086,1.645E+03));
#206 = CARTESIAN_POINT('',(12.526642992942,24.610064583119,1.645E+03));
#207 = CARTESIAN_POINT('',(12.756376195947,24.42375891639,1.645E+03));
#208 = CARTESIAN_POINT('',(13.211547684344,24.042735549711,1.645E+03));
#209 = CARTESIAN_POINT('',(13.436943680222,23.847967361357,1.645E+03));
#210 = CARTESIAN_POINT('',(13.659307589847,23.649727442208,1.645E+03));
#211 = CARTESIAN_POINT('',(13.878609074678,23.448122909997,1.645E+03));
#212 = CARTESIAN_POINT('',(14.351079879962,23.000453293493,1.645E+03));
#213 = CARTESIAN_POINT('',(14.602999490497,22.753068901555,1.645E+03));
#214 = CARTESIAN_POINT('',(14.850540336762,22.501279711121,1.645E+03));
#215 = CARTESIAN_POINT('',(15.093669212329,22.245254436848,1.645E+03));
#216 = CARTESIAN_POINT('',(15.572312916979,21.723685322017,1.645E+03));
#217 = CARTESIAN_POINT('',(15.807780562298,21.458098365218,1.645E+03));
#218 = CARTESIAN_POINT('',(16.038738974192,21.18856082581,1.645E+03));
#219 = CARTESIAN_POINT('',(16.265169411485,20.915231988075,1.645E+03));
#220 = CARTESIAN_POINT('',(16.711022093633,20.358711142869,1.645E+03));
#221 = CARTESIAN_POINT('',(16.930358925994,20.075450899525,1.645E+03));
#222 = CARTESIAN_POINT('',(17.145057514713,19.788641407727,1.645E+03));
#223 = CARTESIAN_POINT('',(17.355110161484,19.498433405785,1.645E+03));
#224 = CARTESIAN_POINT('',(17.765852636994,18.911602187397,1.645E+03));
#225 = CARTESIAN_POINT('',(17.966545242743,18.614981114278,1.645E+03));
#226 = CARTESIAN_POINT('',(18.162589078195,18.315251909223,1.645E+03));
#227 = CARTESIAN_POINT('',(18.353984723456,18.012552378605,1.645E+03));
#228 = CARTESIAN_POINT('',(18.794032388521,17.292603951899,1.645E+03));
#229 = CARTESIAN_POINT('',(19.038784544211,16.872971916425,1.645E+03));
#230 = CARTESIAN_POINT('',(19.275002934657,16.448445961876,1.645E+03));
#231 = CARTESIAN_POINT('',(19.502704663999,16.019335083244,1.645E+03));
#232 = CARTESIAN_POINT('',(19.939872257986,15.154995629361,1.645E+03));
#233 = CARTESIAN_POINT('',(20.149434253781,14.719816364639,1.645E+03));
#234 = CARTESIAN_POINT('',(20.350622940441,14.280676525739,1.645E+03));
#235 = CARTESIAN_POINT('',(20.543464462976,13.83784535631,1.645E+03));
#236 = CARTESIAN_POINT('',(20.91040714339,12.95039575731,1.645E+03));
#237 = CARTESIAN_POINT('',(21.084696591818,12.505855712953,1.645E+03));
#238 = CARTESIAN_POINT('',(21.250883987198,12.05820110588,1.645E+03));
#239 = CARTESIAN_POINT('',(21.408997383796,11.60766452847,1.645E+03));
#240 = CARTESIAN_POINT('',(21.706228859911,10.710037435813,1.645E+03));
#241 = CARTESIAN_POINT('',(21.845655097566,10.26304931064,1.645E+03));
#242 = CARTESIAN_POINT('',(21.977370298542,9.813709665362,1.645E+03));
#243 = CARTESIAN_POINT('',(22.101399666316,9.362217321349,1.645E+03));
#244 = CARTESIAN_POINT('',(22.331840018611,8.464247789432,1.645E+03));
#245 = CARTESIAN_POINT('',(22.438550046172,8.017847561025,1.645E+03));
#246 = CARTESIAN_POINT('',(22.537919550766,7.569740358591,1.645E+03));
#247 = CARTESIAN_POINT('',(22.629968786973,7.120098883512,1.645E+03));
#248 = CARTESIAN_POINT('',(22.797170331314,6.23028113609,1.645E+03));
#249 = CARTESIAN_POINT('',(22.87271230396,5.790178127676,1.645E+03));
#250 = CARTESIAN_POINT('',(22.941358398373,5.348934013789,1.645E+03));
#251 = CARTESIAN_POINT('',(23.003122804246,4.906698340301,1.645E+03));
#252 = CARTESIAN_POINT('',(23.111182337667,4.034494147651,1.645E+03));
#253 = CARTESIAN_POINT('',(23.157903473808,3.604578298452,1.645E+03));
#254 = CARTESIAN_POINT('',(23.198191330367,3.174001644952,1.645E+03));
#255 = CARTESIAN_POINT('',(23.232054160449,2.742894564929,1.645E+03));
#256 = CARTESIAN_POINT('',(23.285902888583,1.896206498024,1.645E+03));
#257 = CARTESIAN_POINT('',(23.30636543905,1.480655537799,1.645E+03));
#258 = CARTESIAN_POINT('',(23.320890671771,1.064846909963,1.645E+03));
#259 = CARTESIAN_POINT('',(23.329481640461,0.648894354902,1.645E+03));
#260 = CARTESIAN_POINT('',(23.33232702624,0.203519433599,1.645E+03));
#261 = CARTESIAN_POINT('',(23.332485180732,0.174127722545,1.645E+03));
#262 = CARTESIAN_POINT('',(23.332613714935,0.144735898066,1.645E+03));
#263 = CARTESIAN_POINT('',(23.332712629113,0.115344000141,1.645E+03));
#264 = CARTESIAN_POINT('',(23.332822451549,6.876166189851E-02,1.645E+03)
  );
#265 = CARTESIAN_POINT('',(23.332852847546,5.157124360031E-02,1.645E+03)
  );
#266 = CARTESIAN_POINT('',(23.332873111509,3.438082185224E-02,1.645E+03)
  );
#267 = CARTESIAN_POINT('',(23.332883243476,1.719040465268E-02,1.645E+03)
  );
#268 = CARTESIAN_POINT('',(23.332883243476,7.835870073964E-15,1.645E+03)
  );
#269 = PCURVE('',#32,#270);
#270 = DEFINITIONAL_REPRESENTATION('',(#271),#418);
#271 = B_SPLINE_CURVE_WITH_KNOTS('',5,(#272,#273,#274,#275,#276,#277,
    #278,#279,#280,#281,#282,#283,#284,#285,#286,#287,#288,#289,#290,
    #291,#292,#293,#294,#295,#296,#297,#298,#299,#300,#301,#302,#303,
    #304,#305,#306,#307,#308,#309,#310,#311,#312,#313,#314,#315,#316,
    #317,#318,#319,#320,#321,#322,#323,#324,#325,#326,#327,#328,#329,
    #330,#331,#332,#333,#334,#335,#336,#337,#338,#339,#340,#341,#342,
    #343,#344,#345,#346,#347,#348,#349,#350,#351,#352,#353,#354,#355,
    #356,#357,#358,#359,#360,#361,#362,#363,#364,#365,#366,#367,#368,
    #369,#370,#371,#372,#373,#374,#375,#376,#377,#378,#379,#380,#381,
    #382,#383,#384,#385,#386,#387,#388,#389,#390,#391,#392,#393,#394,
    #395,#396,#397,#398,#399,#400,#401,#402,#403,#404,#405,#406,#407,
    #408,#409,#410,#411,#412,#413,#414,#415,#416,#417),.UNSPECIFIED.,.F.
  ,.F.,(6,4,4,4,4,4,4,4,4,4,4,4,4,4,4,4,4,4,4,4,4,4,4,4,4,4,4,4,4,4,4,4,
    4,4,4,4,6),(0.,1.987039418459E-02,3.995748775134E-02,
    6.033660368689E-02,8.100403323868E-02,0.117099071056,0.153947747854,
    0.191653605962,0.230252545164,0.232491482097,0.235294513481,
    0.256757931261,0.278318977225,0.300172979154,0.322327289965,
    0.344887700958,0.367658834246,0.390739748761,0.414127166611,
    0.440874175938,0.46798422216,0.495431999098,0.523075057132,
    0.555837607348,0.588773047361,0.622016075483,0.655248527069,
    0.700322639463,0.745139657155,0.789445664838,0.832894347943,
    0.875486350458,0.916926151912,0.957060430763,0.995675851762,
    0.998404247827,1.),.UNSPECIFIED.);
#272 = CARTESIAN_POINT('',(2.094395102393,-1.258902019746));
#273 = CARTESIAN_POINT('',(2.084011512472,-1.258902019746));
#274 = CARTESIAN_POINT('',(2.073668376221,-1.258902019746));
#275 = CARTESIAN_POINT('',(2.06336479546,-1.258902019746));
#276 = CARTESIAN_POINT('',(2.053099927046,-1.258902019746));
#277 = CARTESIAN_POINT('',(2.032534507323,-1.258902019746));
#278 = CARTESIAN_POINT('',(2.022234787447,-1.258902019746));
#279 = CARTESIAN_POINT('',(2.01197300954,-1.258902019746));
#280 = CARTESIAN_POINT('',(2.001748415507,-1.258902019746));
#281 = CARTESIAN_POINT('',(1.981224077369,-1.258902019746));
#282 = CARTESIAN_POINT('',(1.970925401285,-1.258902019746));
#283 = CARTESIAN_POINT('',(1.960663541646,-1.258902019746));
#284 = CARTESIAN_POINT('',(1.950437822089,-1.258902019746));
#285 = CARTESIAN_POINT('',(1.929913257744,-1.258902019746));
#286 = CARTESIAN_POINT('',(1.919615424485,-1.258902019746));
#287 = CARTESIAN_POINT('',(1.909353477387,-1.258902019746));
#288 = CARTESIAN_POINT('',(1.899126827547,-1.258902019746));
#289 = CARTESIAN_POINT('',(1.871135125861,-1.258902019746));
#290 = CARTESIAN_POINT('',(1.853441330627,-1.258902019746));
#291 = CARTESIAN_POINT('',(1.835850765038,-1.258902019746));
#292 = CARTESIAN_POINT('',(1.818361052559,-1.258902019746));
#293 = CARTESIAN_POINT('',(1.78321653888,-1.258902019746));
#294 = CARTESIAN_POINT('',(1.765565875832,-1.258902019746));
#295 = CARTESIAN_POINT('',(1.748016427422,-1.258902019746));
#296 = CARTESIAN_POINT('',(1.730566571988,-1.258902019746));
#297 = CARTESIAN_POINT('',(1.695460184287,-1.258902019746));
#298 = CARTESIAN_POINT('',(1.677808238917,-1.258902019746));
#299 = CARTESIAN_POINT('',(1.660258140798,-1.258902019746));
#300 = CARTESIAN_POINT('',(1.64280895709,-1.258902019746));
#301 = CARTESIAN_POINT('',(1.607700203509,-1.258902019746));
#302 = CARTESIAN_POINT('',(1.590045395183,-1.258902019746));
#303 = CARTESIAN_POINT('',(1.572494935016,-1.258902019746));
#304 = CARTESIAN_POINT('',(1.555048252216,-1.258902019746));
#305 = CARTESIAN_POINT('',(1.536698879659,-1.258902019746));
#306 = CARTESIAN_POINT('',(1.535693222675,-1.258902019746));
#307 = CARTESIAN_POINT('',(1.534687913126,-1.258902019746));
#308 = CARTESIAN_POINT('',(1.533682950911,-1.258902019746));
#309 = CARTESIAN_POINT('',(1.531420610769,-1.258902019746));
#310 = CARTESIAN_POINT('',(1.530163429853,-1.258902019746));
#311 = CARTESIAN_POINT('',(1.528906792988,-1.258902019746));
#312 = CARTESIAN_POINT('',(1.527650699977,-1.258902019746));
#313 = CARTESIAN_POINT('',(1.516781137577,-1.258902019746));
#314 = CARTESIAN_POINT('',(1.507198999554,-1.258902019746));
#315 = CARTESIAN_POINT('',(1.497648650821,-1.258902019746));
#316 = CARTESIAN_POINT('',(1.488129998444,-1.258902019746));
#317 = CARTESIAN_POINT('',(1.469112733453,-1.258902019746));
#318 = CARTESIAN_POINT('',(1.459614406505,-1.258902019746));
#319 = CARTESIAN_POINT('',(1.450147859502,-1.258902019746));
#320 = CARTESIAN_POINT('',(1.440712973585,-1.258902019746));
#321 = CARTESIAN_POINT('',(1.421778486274,-1.258902019746));
#322 = CARTESIAN_POINT('',(1.412279745142,-1.258902019746));
#323 = CARTESIAN_POINT('',(1.402813247489,-1.258902019746));
#324 = CARTESIAN_POINT('',(1.393378825106,-1.258902019746));
#325 = CARTESIAN_POINT('',(1.374444536285,-1.258902019746));
#326 = CARTESIAN_POINT('',(1.364945550077,-1.258902019746));
#327 = CARTESIAN_POINT('',(1.355479121602,-1.258902019746));
#328 = CARTESIAN_POINT('',(1.346045013472,-1.258902019746));
#329 = CARTESIAN_POINT('',(1.327068550529,-1.258902019746));
#330 = CARTESIAN_POINT('',(1.317527379796,-1.258902019746));
#331 = CARTESIAN_POINT('',(1.308019154392,-1.258902019746));
#332 = CARTESIAN_POINT('',(1.298543545957,-1.258902019746));
#333 = CARTESIAN_POINT('',(1.279568620731,-1.258902019746));
#334 = CARTESIAN_POINT('',(1.270069907965,-1.258902019746));
#335 = CARTESIAN_POINT('',(1.260603666465,-1.258902019746));
#336 = CARTESIAN_POINT('',(1.251169471868,-1.258902019746));
#337 = CARTESIAN_POINT('',(1.232236326241,-1.258902019746));
#338 = CARTESIAN_POINT('',(1.222738239526,-1.258902019746));
#339 = CARTESIAN_POINT('',(1.213272107347,-1.258902019746));
#340 = CARTESIAN_POINT('',(1.203837396021,-1.258902019746));
#341 = CARTESIAN_POINT('',(1.184904778955,-1.258902019746));
#342 = CARTESIAN_POINT('',(1.175407697496,-1.258902019746));
#343 = CARTESIAN_POINT('',(1.165941679152,-1.258902019746));
#344 = CARTESIAN_POINT('',(1.156506076404,-1.258902019746));
#345 = CARTESIAN_POINT('',(1.136343168729,-1.258902019746));
#346 = CARTESIAN_POINT('',(1.125625017257,-1.258902019746));
#347 = CARTESIAN_POINT('',(1.114944706054,-1.258902019746));
#348 = CARTESIAN_POINT('',(1.104301131299,-1.258902019746));
#349 = CARTESIAN_POINT('',(1.082941131242,-1.258902019746));
#350 = CARTESIAN_POINT('',(1.072225678766,-1.258902019746));
#351 = CARTESIAN_POINT('',(1.061545544009,-1.258902019746));
#352 = CARTESIAN_POINT('',(1.050899446706,-1.258902019746));
#353 = CARTESIAN_POINT('',(1.029540428726,-1.258902019746));
#354 = CARTESIAN_POINT('',(1.018828329055,-1.258902019746));
#355 = CARTESIAN_POINT('',(1.008148356395,-1.258902019746));
#356 = CARTESIAN_POINT('',(0.997499068384,-1.258902019746));
#357 = CARTESIAN_POINT('',(0.976183317934,-1.258902019746));
#358 = CARTESIAN_POINT('',(0.965517273812,-1.258902019746));
#359 = CARTESIAN_POINT('',(0.954879313727,-1.258902019746));
#360 = CARTESIAN_POINT('',(0.944267870644,-1.258902019746));
#361 = CARTESIAN_POINT('',(0.921134177385,-1.258902019746));
#362 = CARTESIAN_POINT('',(0.908622011032,-1.258902019746));
#363 = CARTESIAN_POINT('',(0.896142157518,-1.258902019746));
#364 = CARTESIAN_POINT('',(0.883691875546,-1.258902019746));
#365 = CARTESIAN_POINT('',(0.858779290079,-1.258902019746));
#366 = CARTESIAN_POINT('',(0.846317272909,-1.258902019746));
#367 = CARTESIAN_POINT('',(0.833879462528,-1.258902019746));
#368 = CARTESIAN_POINT('',(0.821462962407,-1.258902019746));
#369 = CARTESIAN_POINT('',(0.796550906007,-1.258902019746));
#370 = CARTESIAN_POINT('',(0.784055696989,-1.258902019746));
#371 = CARTESIAN_POINT('',(0.77157617243,-1.258902019746));
#372 = CARTESIAN_POINT('',(0.759109262079,-1.258902019746));
#373 = CARTESIAN_POINT('',(0.734198409353,-1.258902019746));
#374 = CARTESIAN_POINT('',(0.721754462913,-1.258902019746));
#375 = CARTESIAN_POINT('',(0.709316905401,-1.258902019746));
#376 = CARTESIAN_POINT('',(0.696882587421,-1.258902019746));
#377 = CARTESIAN_POINT('',(0.667583370754,-1.258902019746));
#378 = CARTESIAN_POINT('',(0.65071851872,-1.258902019746));
#379 = CARTESIAN_POINT('',(0.63384580581,-1.258902019746));
#380 = CARTESIAN_POINT('',(0.616957120409,-1.258902019746));
#381 = CARTESIAN_POINT('',(0.583227741564,-1.258902019746));
#382 = CARTESIAN_POINT('',(0.566387325799,-1.258902019746));
#383 = CARTESIAN_POINT('',(0.549514825608,-1.258902019746));
#384 = CARTESIAN_POINT('',(0.532601916656,-1.258902019746));
#385 = CARTESIAN_POINT('',(0.498871633103,-1.258902019746));
#386 = CARTESIAN_POINT('',(0.482055366725,-1.258902019746));
#387 = CARTESIAN_POINT('',(0.46518304042,-1.258902019746));
#388 = CARTESIAN_POINT('',(0.448246155968,-1.258902019746));
#389 = CARTESIAN_POINT('',(0.414554895932,-1.258902019746));
#390 = CARTESIAN_POINT('',(0.397803326396,-1.258902019746));
#391 = CARTESIAN_POINT('',(0.380972982059,-1.258902019746));
#392 = CARTESIAN_POINT('',(0.364055270635,-1.258902019746));
#393 = CARTESIAN_POINT('',(0.330362732517,-1.258902019746));
#394 = CARTESIAN_POINT('',(0.313591659338,-1.258902019746));
#395 = CARTESIAN_POINT('',(0.296719645177,-1.258902019746));
#396 = CARTESIAN_POINT('',(0.27973787967,-1.258902019746));
#397 = CARTESIAN_POINT('',(0.245999021949,-1.258902019746));
#398 = CARTESIAN_POINT('',(0.229248271405,-1.258902019746));
#399 = CARTESIAN_POINT('',(0.21237640761,-1.258902019746));
#400 = CARTESIAN_POINT('',(0.195374469834,-1.258902019746));
#401 = CARTESIAN_POINT('',(0.161631602011,-1.258902019746));
#402 = CARTESIAN_POINT('',(0.144899314418,-1.258902019746));
#403 = CARTESIAN_POINT('',(0.128027591947,-1.258902019746));
#404 = CARTESIAN_POINT('',(0.111007332544,-1.258902019746));
#405 = CARTESIAN_POINT('',(7.730057614603E-02,-1.258902019746));
#406 = CARTESIAN_POINT('',(6.062581433099E-02,-1.258902019746));
#407 = CARTESIAN_POINT('',(4.379603491119E-02,-1.258902019746));
#408 = CARTESIAN_POINT('',(2.680208068319E-02,-1.258902019746));
#409 = CARTESIAN_POINT('',(8.421211651198E-03,-1.258902019746));
#410 = CARTESIAN_POINT('',(7.207337612126E-03,-1.258902019746));
#411 = CARTESIAN_POINT('',(5.99259191162E-03,-1.258902019746));
#412 = CARTESIAN_POINT('',(4.776971090799E-03,-1.258902019746));
#413 = CARTESIAN_POINT('',(2.848979815847E-03,-1.258902019746));
#414 = CARTESIAN_POINT('',(2.137187415249E-03,-1.258902019746));
#415 = CARTESIAN_POINT('',(1.425093777515E-03,-1.258902019746));
#416 = CARTESIAN_POINT('',(7.126982054659E-04,-1.258902019746));
#417 = CARTESIAN_POINT('',(0.,-1.258902019746));
#418 = ( GEOMETRIC_REPRESENTATION_CONTEXT(2) 
PARAMETRIC_REPRESENTATION_CONTEXT() REPRESENTATION_CONTEXT('2D SPACE',''
  ) );
#419 = PCURVE('',#420,#425);
#420 = PLANE('',#421);
#421 = AXIS2_PLACEMENT_3D('',#422,#423,#424);
#422 = CARTESIAN_POINT('',(0.,0.,1.645E+03));
#423 = DIRECTION('',(0.,0.,1.));
#424 = DIRECTION('',(1.,0.,-0.));
#425 = DEFINITIONAL_REPRESENTATION('',(#426),#573);
#426 = B_SPLINE_CURVE_WITH_KNOTS('',5,(#427,#428,#429,#430,#431,#432,
    #433,#434,#435,#436,#437,#438,#439,#440,#441,#442,#443,#444,#445,
    #446,#447,#448,#449,#450,#451,#452,#453,#454,#455,#456,#457,#458,
    #459,#460,#461,#462,#463,#464,#465,#466,#467,#468,#469,#470,#471,
    #472,#473,#474,#475,#476,#477,#478,#479,#480,#481,#482,#483,#484,
    #485,#486,#487,#488,#489,#490,#491,#492,#493,#494,#495,#496,#497,
    #498,#499,#500,#501,#502,#503,#504,#505,#506,#507,#508,#509,#510,
    #511,#512,#513,#514,#515,#516,#517,#518,#519,#520,#521,#522,#523,
    #524,#525,#526,#527,#528,#529,#530,#531,#532,#533,#534,#535,#536,
    #537,#538,#539,#540,#541,#542,#543,#544,#545,#546,#547,#548,#549,
    #550,#551,#552,#553,#554,#555,#556,#557,#558,#559,#560,#561,#562,
    #563,#564,#565,#566,#567,#568,#569,#570,#571,#572),.UNSPECIFIED.,.F.
  ,.F.,(6,4,4,4,4,4,4,4,4,4,4,4,4,4,4,4,4,4,4,4,4,4,4,4,4,4,4,4,4,4,4,4,
    4,4,4,4,6),(0.,1.987039418459E-02,3.995748775134E-02,
    6.033660368689E-02,8.100403323868E-02,0.117099071056,0.153947747854,
    0.191653605962,0.230252545164,0.232491482097,0.235294513481,
    0.256757931261,0.278318977225,0.300172979154,0.322327289965,
    0.344887700958,0.367658834246,0.390739748761,0.414127166611,
    0.440874175938,0.46798422216,0.495431999098,0.523075057132,
    0.555837607348,0.588773047361,0.622016075483,0.655248527069,
    0.700322639463,0.745139657155,0.789445664838,0.832894347943,
    0.875486350458,0.916926151912,0.957060430763,0.995675851762,
    0.998404247827,1.),.UNSPECIFIED.);
#427 = CARTESIAN_POINT('',(-11.66644162173,25.258587040483));
#428 = CARTESIAN_POINT('',(-11.49292200431,25.383814037771));
#429 = CARTESIAN_POINT('',(-11.31792772741,25.507001045827));
#430 = CARTESIAN_POINT('',(-11.14147725767,25.628106088895));
#431 = CARTESIAN_POINT('',(-10.96359097471,25.747087063395));
#432 = CARTESIAN_POINT('',(-10.60303598829,25.981990351343));
#433 = CARTESIAN_POINT('',(-10.42033630085,26.097865186831));
#434 = CARTESIAN_POINT('',(-10.23621514993,26.211482601624));
#435 = CARTESIAN_POINT('',(-10.05069773768,26.322799109816));
#436 = CARTESIAN_POINT('',(-9.674208198878,26.542327873216));
#437 = CARTESIAN_POINT('',(-9.483195991372,26.650471511246));
#438 = CARTESIAN_POINT('',(-9.29080339444,26.756157033637));
#439 = CARTESIAN_POINT('',(-9.097061423141,26.859339714212));
#440 = CARTESIAN_POINT('',(-8.704186030129,27.062034755862));
#441 = CARTESIAN_POINT('',(-8.505015112645,27.161474586879));
#442 = CARTESIAN_POINT('',(-8.304525666872,27.258248747846));
#443 = CARTESIAN_POINT('',(-8.102755244815,27.352312153387));
#444 = CARTESIAN_POINT('',(-7.545191163183,27.603088416277));
#445 = CARTESIAN_POINT('',(-7.186853397829,27.754153683567));
#446 = CARTESIAN_POINT('',(-6.824945835408,27.896581958549));
#447 = CARTESIAN_POINT('',(-6.459706649773,28.03015122631));
#448 = CARTESIAN_POINT('',(-5.715403021127,28.28176649789));
#449 = CARTESIAN_POINT('',(-5.336208303945,28.399430440152));
#450 = CARTESIAN_POINT('',(-4.954097112892,28.507435306641));
#451 = CARTESIAN_POINT('',(-4.569373296234,28.605588818241));
#452 = CARTESIAN_POINT('',(-3.786354289076,28.783919996431));
#453 = CARTESIAN_POINT('',(-3.387950243517,28.863627004782));
#454 = CARTESIAN_POINT('',(-2.987505208276,28.932675594099));
#455 = CARTESIAN_POINT('',(-2.585389460715,28.990929818082));
#456 = CARTESIAN_POINT('',(-1.769038532008,29.086776893057));
#457 = CARTESIAN_POINT('',(-1.354740129196,29.12384834598));
#458 = CARTESIAN_POINT('',(-0.939513536686,29.149403122704));
#459 = CARTESIAN_POINT('',(-0.523783856964,29.163386298294));
#460 = CARTESIAN_POINT('',(-8.386534771407E-02,29.165931237635));
#461 = CARTESIAN_POINT('',(-5.97465715754E-02,29.166031809962));
#462 = CARTESIAN_POINT('',(-3.562763948633E-02,29.166093427193));
#463 = CARTESIAN_POINT('',(-1.150863534725E-02,29.166116088788));
#464 = CARTESIAN_POINT('',(4.280606783532E-02,29.166079395514));
#465 = CARTESIAN_POINT('',(7.300176015618E-02,29.165997938307));
#466 = CARTESIAN_POINT('',(0.103197269254,29.165855423195));
#467 = CARTESIAN_POINT('',(0.133392430498,29.16565185161));
#468 = CARTESIAN_POINT('',(0.394794037934,29.163360933679));
#469 = CARTESIAN_POINT('',(0.625971004142,29.157754879029));
#470 = CARTESIAN_POINT('',(0.857043913999,29.148570345903));
#471 = CARTESIAN_POINT('',(1.087939177885,29.135813339177));
#472 = CARTESIAN_POINT('',(1.550277289177,29.103101603819));
#473 = CARTESIAN_POINT('',(1.781717958534,29.083114375628));
#474 = CARTESIAN_POINT('',(2.012831584033,29.059543798851));
#475 = CARTESIAN_POINT('',(2.243545274984,29.032405362373));
#476 = CARTESIAN_POINT('',(2.707157797584,28.970615986735));
#477 = CARTESIAN_POINT('',(2.940043829493,28.935867937965));
#478 = CARTESIAN_POINT('',(3.172370834987,28.897495931462));
#479 = CARTESIAN_POINT('',(3.404066172457,28.855525331206));
#480 = CARTESIAN_POINT('',(3.869226388057,28.763820750838));
#481 = CARTESIAN_POINT('',(4.102671923938,28.713987949679));
#482 = CARTESIAN_POINT('',(4.335322195426,28.660518587875));
#483 = CARTESIAN_POINT('',(4.567106306206,28.603447806673));
#484 = CARTESIAN_POINT('',(5.033037390709,28.481070419461));
#485 = CARTESIAN_POINT('',(5.2671498731,28.415631939908));
#486 = CARTESIAN_POINT('',(5.500221515632,28.346540822615));
#487 = CARTESIAN_POINT('',(5.732183711046,28.273842123054));
#488 = CARTESIAN_POINT('',(6.195914379087,28.120614646017));
#489 = CARTESIAN_POINT('',(6.427660861522,28.040018981972));
#490 = CARTESIAN_POINT('',(6.658143647656,27.955847582347));
#491 = CARTESIAN_POINT('',(6.887299519104,27.868153401778));
#492 = CARTESIAN_POINT('',(7.345937214884,27.684591024053));
#493 = CARTESIAN_POINT('',(7.575381095403,27.588627758953));
#494 = CARTESIAN_POINT('',(7.803338891325,27.489160654946));
#495 = CARTESIAN_POINT('',(8.029752926444,27.386250018061));
#496 = CARTESIAN_POINT('',(8.4823718576,27.172255092264));
#497 = CARTESIAN_POINT('',(8.708534057845,27.061080313316));
#498 = CARTESIAN_POINT('',(8.933000617519,26.946498926449));
#499 = CARTESIAN_POINT('',(9.155720189324,26.82857725201));
#500 = CARTESIAN_POINT('',(9.629307109802,26.568779194844));
#501 = CARTESIAN_POINT('',(9.879621983868,26.425894933538));
#502 = CARTESIAN_POINT('',(10.127520070455,26.27883144606));
#503 = CARTESIAN_POINT('',(10.372938035164,26.127690864125));
#504 = CARTESIAN_POINT('',(10.861997564985,25.815356155797));
#505 = CARTESIAN_POINT('',(11.105569744945,25.65405328045));
#506 = CARTESIAN_POINT('',(11.346477385875,25.488774754277));
#507 = CARTESIAN_POINT('',(11.584668474903,25.319627338968));
#508 = CARTESIAN_POINT('',(12.058459700437,24.971653333462));
#509 = CARTESIAN_POINT('',(12.29399050397,24.7927323086));
#510 = CARTESIAN_POINT('',(12.526642992942,24.610064583119));
#511 = CARTESIAN_POINT('',(12.756376195947,24.42375891639));
#512 = CARTESIAN_POINT('',(13.211547684344,24.042735549711));
#513 = CARTESIAN_POINT('',(13.436943680222,23.847967361357));
#514 = CARTESIAN_POINT('',(13.659307589847,23.649727442208));
#515 = CARTESIAN_POINT('',(13.878609074678,23.448122909997));
#516 = CARTESIAN_POINT('',(14.351079879962,23.000453293493));
#517 = CARTESIAN_POINT('',(14.602999490497,22.753068901555));
#518 = CARTESIAN_POINT('',(14.850540336762,22.501279711121));
#519 = CARTESIAN_POINT('',(15.093669212329,22.245254436848));
#520 = CARTESIAN_POINT('',(15.572312916979,21.723685322017));
#521 = CARTESIAN_POINT('',(15.807780562298,21.458098365218));
#522 = CARTESIAN_POINT('',(16.038738974192,21.18856082581));
#523 = CARTESIAN_POINT('',(16.265169411485,20.915231988075));
#524 = CARTESIAN_POINT('',(16.711022093633,20.358711142869));
#525 = CARTESIAN_POINT('',(16.930358925994,20.075450899525));
#526 = CARTESIAN_POINT('',(17.145057514713,19.788641407727));
#527 = CARTESIAN_POINT('',(17.355110161484,19.498433405785));
#528 = CARTESIAN_POINT('',(17.765852636994,18.911602187397));
#529 = CARTESIAN_POINT('',(17.966545242743,18.614981114278));
#530 = CARTESIAN_POINT('',(18.162589078195,18.315251909223));
#531 = CARTESIAN_POINT('',(18.353984723456,18.012552378605));
#532 = CARTESIAN_POINT('',(18.794032388521,17.292603951899));
#533 = CARTESIAN_POINT('',(19.038784544211,16.872971916425));
#534 = CARTESIAN_POINT('',(19.275002934657,16.448445961876));
#535 = CARTESIAN_POINT('',(19.502704663999,16.019335083244));
#536 = CARTESIAN_POINT('',(19.939872257986,15.154995629361));
#537 = CARTESIAN_POINT('',(20.149434253781,14.719816364639));
#538 = CARTESIAN_POINT('',(20.350622940441,14.280676525739));
#539 = CARTESIAN_POINT('',(20.543464462976,13.83784535631));
#540 = CARTESIAN_POINT('',(20.91040714339,12.95039575731));
#541 = CARTESIAN_POINT('',(21.084696591818,12.505855712953));
#542 = CARTESIAN_POINT('',(21.250883987198,12.05820110588));
#543 = CARTESIAN_POINT('',(21.408997383796,11.60766452847));
#544 = CARTESIAN_POINT('',(21.706228859911,10.710037435813));
#545 = CARTESIAN_POINT('',(21.845655097566,10.26304931064));
#546 = CARTESIAN_POINT('',(21.977370298542,9.813709665362));
#547 = CARTESIAN_POINT('',(22.101399666316,9.362217321349));
#548 = CARTESIAN_POINT('',(22.331840018611,8.464247789432));
#549 = CARTESIAN_POINT('',(22.438550046172,8.017847561025));
#550 = CARTESIAN_POINT('',(22.537919550766,7.569740358591));
#551 = CARTESIAN_POINT('',(22.629968786973,7.120098883512));
#552 = CARTESIAN_POINT('',(22.797170331314,6.23028113609));
#553 = CARTESIAN_POINT('',(22.87271230396,5.790178127676));
#554 = CARTESIAN_POINT('',(22.941358398373,5.348934013789));
#555 = CARTESIAN_POINT('',(23.003122804246,4.906698340301));
#556 = CARTESIAN_POINT('',(23.111182337667,4.034494147651));
#557 = CARTESIAN_POINT('',(23.157903473808,3.604578298452));
#558 = CARTESIAN_POINT('',(23.198191330367,3.174001644952));
#559 = CARTESIAN_POINT('',(23.232054160449,2.742894564929));
#560 = CARTESIAN_POINT('',(23.285902888583,1.896206498024));
#561 = CARTESIAN_POINT('',(23.30636543905,1.480655537799));
#562 = CARTESIAN_POINT('',(23.320890671771,1.064846909963));
#563 = CARTESIAN_POINT('',(23.329481640461,0.648894354902));
#564 = CARTESIAN_POINT('',(23.33232702624,0.203519433599));
#565 = CARTESIAN_POINT('',(23.332485180732,0.174127722545));
#566 = CARTESIAN_POINT('',(23.332613714935,0.144735898066));
#567 = CARTESIAN_POINT('',(23.332712629113,0.115344000141));
#568 = CARTESIAN_POINT('',(23.332822451549,6.876166189851E-02));
#569 = CARTESIAN_POINT('',(23.332852847546,5.157124360031E-02));
#570 = CARTESIAN_POINT('',(23.332873111509,3.438082185224E-02));
#571 = CARTESIAN_POINT('',(23.332883243476,1.719040465268E-02));
#572 = CARTESIAN_POINT('',(23.332883243476,7.835870073964E-15));
#573 = ( GEOMETRIC_REPRESENTATION_CONTEXT(2) 
PARAMETRIC_REPRESENTATION_CONTEXT() REPRESENTATION_CONTEXT('2D SPACE',''
  ) );
#574 = ORIENTED_EDGE('',*,*,#575,.T.);
#575 = EDGE_CURVE('',#119,#576,#578,.T.);
#576 = VERTEX_POINT('',#577);
#577 = CARTESIAN_POINT('',(-40.,86.602540378444,1.755E+03));
#578 = SURFACE_CURVE('',#579,(#583,#590),.PCURVE_S1.);
#579 = ( BOUNDED_CURVE() B_SPLINE_CURVE(2,(#580,#581,#582),
.UNSPECIFIED.,.F.,.F.) B_SPLINE_CURVE_WITH_KNOTS((3,3),(-1.570796326795,
0.),.PIECEWISE_BEZIER_KNOTS.) CURVE() GEOMETRIC_REPRESENTATION_ITEM() 
RATIONAL_B_SPLINE_CURVE((1.,0.707106781187,1.)) REPRESENTATION_ITEM('') 
  );
#580 = CARTESIAN_POINT('',(-2.449293598295E-15,5.302876193625E-15,
    1.64E+03));
#581 = CARTESIAN_POINT('',(-40.,86.602540378444,1.64E+03));
#582 = CARTESIAN_POINT('',(-40.,86.602540378444,1.755E+03));
#583 = PCURVE('',#32,#584);
#584 = DEFINITIONAL_REPRESENTATION('',(#585),#589);
#585 = LINE('',#586,#587);
#586 = CARTESIAN_POINT('',(2.094395102393,0.));
#587 = VECTOR('',#588,1.);
#588 = DIRECTION('',(0.,1.));
#589 = ( GEOMETRIC_REPRESENTATION_CONTEXT(2) 
PARAMETRIC_REPRESENTATION_CONTEXT() REPRESENTATION_CONTEXT('2D SPACE',''
  ) );
#590 = PCURVE('',#591,#627);
#591 = ( BOUNDED_SURFACE() B_SPLINE_SURFACE(2,2,(
    (#592,#593,#594,#595,#596)
    ,(#597,#598,#599,#600,#601)
    ,(#602,#603,#604,#605,#606)
    ,(#607,#608,#609,#610,#611)
    ,(#612,#613,#614,#615,#616)
    ,(#617,#618,#619,#620,#621)
    ,(#622,#623,#624,#625,#626
)),.UNSPECIFIED.,.T.,.F.,.F.) B_SPLINE_SURFACE_WITH_KNOTS((1,2,2,2,2,1),
  (3,2,3),(-2.094395102393,0.,2.094395102393,4.188790204786,
    6.28318530718,8.377580409573),(-1.570796326795,0.,1.570796326795),
.UNSPECIFIED.) GEOMETRIC_REPRESENTATION_ITEM() RATIONAL_B_SPLINE_SURFACE
((
    (1.,0.707106781187,1.,0.707106781187,1.)
    ,(0.5,0.353553390593,0.5,0.353553390593,0.5)
    ,(1.,0.707106781187,1.,0.707106781187,1.)
    ,(0.5,0.353553390593,0.5,0.353553390593,0.5)
    ,(1.,0.707106781187,1.,0.707106781187,1.)
    ,(0.5,0.353553390593,0.5,0.353553390593,0.5)
,(1.,0.707106781187,1.,0.707106781187,1.
))) REPRESENTATION_ITEM('') SURFACE() );
#592 = CARTESIAN_POINT('',(4.898587196589E-15,0.,1.64E+03));
#593 = CARTESIAN_POINT('',(80.,0.,1.64E+03));
#594 = CARTESIAN_POINT('',(80.,0.,1.755E+03));
#595 = CARTESIAN_POINT('',(80.,0.,1.87E+03));
#596 = CARTESIAN_POINT('',(4.898587196589E-15,0.,1.87E+03));
#597 = CARTESIAN_POINT('',(4.898587196589E-15,1.060575238725E-14,
    1.64E+03));
#598 = CARTESIAN_POINT('',(80.,173.20508075688,1.64E+03));
#599 = CARTESIAN_POINT('',(80.,173.20508075688,1.755E+03));
#600 = CARTESIAN_POINT('',(80.,173.20508075688,1.87E+03));
#601 = CARTESIAN_POINT('',(4.898587196589E-15,1.060575238725E-14,
    1.87E+03));
#602 = CARTESIAN_POINT('',(-2.449293598295E-15,5.302876193625E-15,
    1.64E+03));
#603 = CARTESIAN_POINT('',(-40.,86.602540378444,1.64E+03));
#604 = CARTESIAN_POINT('',(-40.,86.602540378444,1.755E+03));
#605 = CARTESIAN_POINT('',(-40.,86.602540378444,1.87E+03));
#606 = CARTESIAN_POINT('',(-2.449293598295E-15,5.302876193625E-15,
    1.87E+03));
#607 = CARTESIAN_POINT('',(-9.797174393179E-15,-1.499759782662E-30,
    1.64E+03));
#608 = CARTESIAN_POINT('',(-160.,-2.449293598295E-14,1.64E+03));
#609 = CARTESIAN_POINT('',(-160.,-2.449293598295E-14,1.755E+03));
#610 = CARTESIAN_POINT('',(-160.,-2.449293598295E-14,1.87E+03));
#611 = CARTESIAN_POINT('',(-9.797174393179E-15,-1.499759782662E-30,
    1.87E+03));
#612 = CARTESIAN_POINT('',(-2.449293598295E-15,-5.302876193625E-15,
    1.64E+03));
#613 = CARTESIAN_POINT('',(-40.,-86.60254037844,1.64E+03));
#614 = CARTESIAN_POINT('',(-40.,-86.60254037844,1.755E+03));
#615 = CARTESIAN_POINT('',(-40.,-86.60254037844,1.87E+03));
#616 = CARTESIAN_POINT('',(-2.449293598295E-15,-5.302876193625E-15,
    1.87E+03));
#617 = CARTESIAN_POINT('',(4.898587196589E-15,-1.060575238725E-14,
    1.64E+03));
#618 = CARTESIAN_POINT('',(80.,-173.2050807568,1.64E+03));
#619 = CARTESIAN_POINT('',(80.,-173.2050807568,1.755E+03));
#620 = CARTESIAN_POINT('',(80.,-173.2050807568,1.87E+03));
#621 = CARTESIAN_POINT('',(4.898587196589E-15,-1.060575238725E-14,
    1.87E+03));
#622 = CARTESIAN_POINT('',(4.898587196589E-15,0.,1.64E+03));
#623 = CARTESIAN_POINT('',(80.,0.,1.64E+03));
#624 = CARTESIAN_POINT('',(80.,0.,1.755E+03));
#625 = CARTESIAN_POINT('',(80.,0.,1.87E+03));
#626 = CARTESIAN_POINT('',(4.898587196589E-15,0.,1.87E+03));
#627 = DEFINITIONAL_REPRESENTATION('',(#628),#632);
#628 = LINE('',#629,#630);
#629 = CARTESIAN_POINT('',(2.094395102393,0.));
#630 = VECTOR('',#631,1.);
#631 = DIRECTION('',(0.,1.));
#632 = ( GEOMETRIC_REPRESENTATION_CONTEXT(2) 
PARAMETRIC_REPRESENTATION_CONTEXT() REPRESENTATION_CONTEXT('2D SPACE',''
  ) );
#633 = ORIENTED_EDGE('',*,*,#634,.F.);
#634 = EDGE_CURVE('',#24,#576,#635,.T.);
#635 = SURFACE_CURVE('',#636,(#640,#647),.PCURVE_S1.);
#636 = ( BOUNDED_CURVE() B_SPLINE_CURVE(2,(#637,#638,#639),
.UNSPECIFIED.,.F.,.F.) B_SPLINE_CURVE_WITH_KNOTS((3,3),(0.,
2.094395102393),.PIECEWISE_BEZIER_KNOTS.) CURVE() 
GEOMETRIC_REPRESENTATION_ITEM() RATIONAL_B_SPLINE_CURVE((1.,0.5,1.)) 
REPRESENTATION_ITEM('') );
#637 = CARTESIAN_POINT('',(80.,0.,1.755E+03));
#638 = CARTESIAN_POINT('',(80.,173.20508075688,1.755E+03));
#639 = CARTESIAN_POINT('',(-40.,86.602540378444,1.755E+03));
#640 = PCURVE('',#32,#641);
#641 = DEFINITIONAL_REPRESENTATION('',(#642),#646);
#642 = LINE('',#643,#644);
#643 = CARTESIAN_POINT('',(0.,0.));
#644 = VECTOR('',#645,1.);
#645 = DIRECTION('',(1.,0.));
#646 = ( GEOMETRIC_REPRESENTATION_CONTEXT(2) 
PARAMETRIC_REPRESENTATION_CONTEXT() REPRESENTATION_CONTEXT('2D SPACE',''
  ) );
#647 = PCURVE('',#648,#684);
#648 = ( BOUNDED_SURFACE() B_SPLINE_SURFACE(2,2,(
    (#649,#650,#651,#652,#653)
    ,(#654,#655,#656,#657,#658)
    ,(#659,#660,#661,#662,#663)
    ,(#664,#665,#666,#667,#668)
    ,(#669,#670,#671,#672,#673)
    ,(#674,#675,#676,#677,#678)
    ,(#679,#680,#681,#682,#683
)),.UNSPECIFIED.,.T.,.F.,.F.) B_SPLINE_SURFACE_WITH_KNOTS((1,2,2,2,2,1),
  (3,2,3),(-2.094395102393,0.,2.094395102393,4.188790204786,
    6.28318530718,8.377580409573),(-1.570796326795,0.,1.570796326795),
.UNSPECIFIED.) GEOMETRIC_REPRESENTATION_ITEM() RATIONAL_B_SPLINE_SURFACE
((
    (1.,0.707106781187,1.,0.707106781187,1.)
    ,(0.5,0.353553390593,0.5,0.353553390593,0.5)
    ,(1.,0.707106781187,1.,0.707106781187,1.)
    ,(0.5,0.353553390593,0.5,0.353553390593,0.5)
    ,(1.,0.707106781187,1.,0.707106781187,1.)
    ,(0.5,0.353553390593,0.5,0.353553390593,0.5)
,(1.,0.707106781187,1.,0.707106781187,1.
))) REPRESENTATION_ITEM('') SURFACE() );
#649 = CARTESIAN_POINT('',(4.898587196589E-15,0.,1.64E+03));
#650 = CARTESIAN_POINT('',(80.,0.,1.64E+03));
#651 = CARTESIAN_POINT('',(80.,0.,1.755E+03));
#652 = CARTESIAN_POINT('',(80.,0.,1.87E+03));
#653 = CARTESIAN_POINT('',(4.898587196589E-15,0.,1.87E+03));
#654 = CARTESIAN_POINT('',(4.898587196589E-15,1.060575238725E-14,
    1.64E+03));
#655 = CARTESIAN_POINT('',(80.,173.20508075688,1.64E+03));
#656 = CARTESIAN_POINT('',(80.,173.20508075688,1.755E+03));
#657 = CARTESIAN_POINT('',(80.,173.20508075688,1.87E+03));
#658 = CARTESIAN_POINT('',(4.898587196589E-15,1.060575238725E-14,
    1.87E+03));
#659 = CARTESIAN_POINT('',(-2.449293598295E-15,5.302876193625E-15,
    1.64E+03));
#660 = CARTESIAN_POINT('',(-40.,86.602540378444,1.64E+03));
#661 = CARTESIAN_POINT('',(-40.,86.602540378444,1.755E+03));
#662 = CARTESIAN_POINT('',(-40.,86.602540378444,1.87E+03));
#663 = CARTESIAN_POINT('',(-2.449293598295E-15,5.302876193625E-15,
    1.87E+03));
#664 = CARTESIAN_POINT('',(-9.797174393179E-15,-1.499759782662E-30,
    1.64E+03));
#665 = CARTESIAN_POINT('',(-160.,-2.449293598295E-14,1.64E+03));
#666 = CARTESIAN_POINT('',(-160.,-2.449293598295E-14,1.755E+03));
#667 = CARTESIAN_POINT('',(-160.,-2.449293598295E-14,1.87E+03));
#668 = CARTESIAN_POINT('',(-9.797174393179E-15,-1.499759782662E-30,
    1.87E+03));
#669 = CARTESIAN_POINT('',(-2.449293598295E-15,-5.302876193625E-15,
    1.64E+03));
#670 = CARTESIAN_POINT('',(-40.,-86.60254037844,1.64E+03));
#671 = CARTESIAN_POINT('',(-40.,-86.60254037844,1.755E+03));
#672 = CARTESIAN_POINT('',(-40.,-86.60254037844,1.87E+03));
#673 = CARTESIAN_POINT('',(-2.449293598295E-15,-5.302876193625E-15,
    1.87E+03));
#674 = CARTESIAN_POINT('',(4.898587196589E-15,-1.060575238725E-14,
    1.64E+03));
#675 = CARTESIAN_POINT('',(80.,-173.2050807568,1.64E+03));
#676 = CARTESIAN_POINT('',(80.,-173.2050807568,1.755E+03));
#677 = CARTESIAN_POINT('',(80.,-173.2050807568,1.87E+03));
#678 = CARTESIAN_POINT('',(4.898587196589E-15,-1.060575238725E-14,
    1.87E+03));
#679 = CARTESIAN_POINT('',(4.898587196589E-15,0.,1.64E+03));
#680 = CARTESIAN_POINT('',(80.,0.,1.64E+03));
#681 = CARTESIAN_POINT('',(80.,0.,1.755E+03));
#682 = CARTESIAN_POINT('',(80.,0.,1.87E+03));
#683 = CARTESIAN_POINT('',(4.898587196589E-15,0.,1.87E+03));
#684 = DEFINITIONAL_REPRESENTATION('',(#685),#689);
#685 = LINE('',#686,#687);
#686 = CARTESIAN_POINT('',(0.,0.));
#687 = VECTOR('',#688,1.);
#688 = DIRECTION('',(1.,0.));
#689 = ( GEOMETRIC_REPRESENTATION_CONTEXT(2) 
PARAMETRIC_REPRESENTATION_CONTEXT() REPRESENTATION_CONTEXT('2D SPACE',''
  ) );
#690 = ADVANCED_FACE('',(#691),#75,.T.);
#691 = FACE_BOUND('',#692,.T.);
#692 = EDGE_LOOP('',(#693,#718,#1168,#1169));
#693 = ORIENTED_EDGE('',*,*,#694,.F.);
#694 = EDGE_CURVE('',#695,#697,#699,.T.);
#695 = VERTEX_POINT('',#696);
#696 = CARTESIAN_POINT('',(-11.66644162173,-25.25858704048,1.645E+03));
#697 = VERTEX_POINT('',#698);
#698 = CARTESIAN_POINT('',(-40.,-86.60254037844,1.755E+03));
#699 = SURFACE_CURVE('',#700,(#704,#711),.PCURVE_S1.);
#700 = ( BOUNDED_CURVE() B_SPLINE_CURVE(2,(#701,#702,#703),
.UNSPECIFIED.,.F.,.F.) B_SPLINE_CURVE_WITH_KNOTS((3,3),(-1.570796326795,
0.),.PIECEWISE_BEZIER_KNOTS.) CURVE() GEOMETRIC_REPRESENTATION_ITEM() 
RATIONAL_B_SPLINE_CURVE((1.,0.707106781187,1.)) REPRESENTATION_ITEM('') 
  );
#701 = CARTESIAN_POINT('',(-2.449293598295E-15,-5.302876193625E-15,
    1.64E+03));
#702 = CARTESIAN_POINT('',(-40.,-86.60254037844,1.64E+03));
#703 = CARTESIAN_POINT('',(-40.,-86.60254037844,1.755E+03));
#704 = PCURVE('',#75,#705);
#705 = DEFINITIONAL_REPRESENTATION('',(#706),#710);
#706 = LINE('',#707,#708);
#707 = CARTESIAN_POINT('',(4.188790204786,0.));
#708 = VECTOR('',#709,1.);
#709 = DIRECTION('',(0.,1.));
#710 = ( GEOMETRIC_REPRESENTATION_CONTEXT(2) 
PARAMETRIC_REPRESENTATION_CONTEXT() REPRESENTATION_CONTEXT('2D SPACE',''
  ) );
#711 = PCURVE('',#591,#712);
#712 = DEFINITIONAL_REPRESENTATION('',(#713),#717);
#713 = LINE('',#714,#715);
#714 = CARTESIAN_POINT('',(4.188790204786,0.));
#715 = VECTOR('',#716,1.);
#716 = DIRECTION('',(0.,1.));
#717 = ( GEOMETRIC_REPRESENTATION_CONTEXT(2) 
PARAMETRIC_REPRESENTATION_CONTEXT() REPRESENTATION_CONTEXT('2D SPACE',''
  ) );
#718 = ORIENTED_EDGE('',*,*,#719,.F.);
#719 = EDGE_CURVE('',#22,#695,#720,.T.);
#720 = SURFACE_CURVE('',#721,(#868,#1018),.PCURVE_S1.);
#721 = B_SPLINE_CURVE_WITH_KNOTS('',5,(#722,#723,#724,#725,#726,#727,
    #728,#729,#730,#731,#732,#733,#734,#735,#736,#737,#738,#739,#740,
    #741,#742,#743,#744,#745,#746,#747,#748,#749,#750,#751,#752,#753,
    #754,#755,#756,#757,#758,#759,#760,#761,#762,#763,#764,#765,#766,
    #767,#768,#769,#770,#771,#772,#773,#774,#775,#776,#777,#778,#779,
    #780,#781,#782,#783,#784,#785,#786,#787,#788,#789,#790,#791,#792,
    #793,#794,#795,#796,#797,#798,#799,#800,#801,#802,#803,#804,#805,
    #806,#807,#808,#809,#810,#811,#812,#813,#814,#815,#816,#817,#818,
    #819,#820,#821,#822,#823,#824,#825,#826,#827,#828,#829,#830,#831,
    #832,#833,#834,#835,#836,#837,#838,#839,#840,#841,#842,#843,#844,
    #845,#846,#847,#848,#849,#850,#851,#852,#853,#854,#855,#856,#857,
    #858,#859,#860,#861,#862,#863,#864,#865,#866,#867),.UNSPECIFIED.,.F.
  ,.F.,(6,4,4,4,4,4,4,4,4,4,4,4,4,4,4,4,4,4,4,4,4,4,4,4,4,4,4,4,4,4,4,4,
    4,4,4,4,6),(0.,1.783665380126E-03,4.51260253766E-03,
    9.330749895304E-03,4.764711115675E-02,8.723245454853E-02,
    0.128064902877,0.169995982625,0.212846539541,0.256410130951,
    0.300458836492,0.344751470822,0.378095701431,0.411226951009,
    0.444272853967,0.476924941714,0.504676257443,0.532122769708,
    0.559231436772,0.58587283304,0.609568653771,0.63294971784,
    0.656012694125,0.678659425606,0.701092185834,0.723121054671,
    0.744946968092,0.766387887701,0.768721659574,0.807617922803,
    0.845607408786,0.882727038464,0.918911021835,0.939663395624,
    0.960042511792,0.980210989024,1.),.UNSPECIFIED.);
#722 = CARTESIAN_POINT('',(23.332883243476,3.552713678801E-15,1.645E+03)
  );
#723 = CARTESIAN_POINT('',(23.332883243476,-1.921471905687E-02,1.645E+03
    ));
#724 = CARTESIAN_POINT('',(23.33287058476,-3.842945378994E-02,1.645E+03)
  );
#725 = CARTESIAN_POINT('',(23.332845267287,-5.764419302887E-02,1.645E+03
    ));
#726 = CARTESIAN_POINT('',(23.332807291005,-7.685892560386E-02,1.645E+03
    ));
#727 = CARTESIAN_POINT('',(23.332679186085,-0.125471390403,1.645E+03));
#728 = CARTESIAN_POINT('',(23.332572084708,-0.154869098715,1.645E+03));
#729 = CARTESIAN_POINT('',(23.332435351504,-0.184266725281,1.645E+03));
#730 = CARTESIAN_POINT('',(23.332268986201,-0.213664230096,1.645E+03));
#731 = CARTESIAN_POINT('',(23.331726939493,-0.294964831682,1.645E+03));
#732 = CARTESIAN_POINT('',(23.331288518528,-0.346867585971,1.645E+03));
#733 = CARTESIAN_POINT('',(23.330757723788,-0.39876961585,1.645E+03));
#734 = CARTESIAN_POINT('',(23.330134552958,-0.450670701108,1.645E+03));
#735 = CARTESIAN_POINT('',(23.323728587143,-0.915305216612,1.645E+03));
#736 = CARTESIAN_POINT('',(23.31219590809,-1.327966065661,1.645E+03));
#737 = CARTESIAN_POINT('',(23.294819532413,-1.740442614428,1.645E+03));
#738 = CARTESIAN_POINT('',(23.271595950262,-2.152623575827,1.645E+03));
#739 = CARTESIAN_POINT('',(23.212480233655,-2.98980761828,1.645E+03));
#740 = CARTESIAN_POINT('',(23.176194023111,-3.414783078763,1.645E+03));
#741 = CARTESIAN_POINT('',(23.133654769914,-3.839199809134,1.645E+03));
#742 = CARTESIAN_POINT('',(23.084854049283,-4.262932268275,1.645E+03));
#743 = CARTESIAN_POINT('',(22.972973295069,-5.122097263327,1.645E+03));
#744 = CARTESIAN_POINT('',(22.909491875443,-5.557477627292,1.645E+03));
#745 = CARTESIAN_POINT('',(22.839325187364,-5.991853973262,1.645E+03));
#746 = CARTESIAN_POINT('',(22.762459225224,-6.425082537848,1.645E+03));
#747 = CARTESIAN_POINT('',(22.593047378373,-7.300570568278,1.645E+03));
#748 = CARTESIAN_POINT('',(22.500135327645,-7.742759134342,1.645E+03));
#749 = CARTESIAN_POINT('',(22.400123907795,-8.183421754679,1.645E+03));
#750 = CARTESIAN_POINT('',(22.292993485181,-8.622392740639,1.645E+03));
#751 = CARTESIAN_POINT('',(22.061945645189,-9.506193181939,1.645E+03));
#752 = CARTESIAN_POINT('',(21.937711752625,-9.9509397125,1.645E+03));
#753 = CARTESIAN_POINT('',(21.805997652188,-10.393556883,1.645E+03));
#754 = CARTESIAN_POINT('',(21.666779016754,-10.83385293991,1.645E+03));
#755 = CARTESIAN_POINT('',(21.370839704557,-11.71668670642,1.645E+03));
#756 = CARTESIAN_POINT('',(21.213866538375,-12.15913943793,1.645E+03));
#757 = CARTESIAN_POINT('',(21.049083898351,-12.59877522219,1.645E+03));
#758 = CARTESIAN_POINT('',(20.876465135715,-13.03537194699,1.645E+03));
#759 = CARTESIAN_POINT('',(20.513492802433,-13.90684523378,1.645E+03));
#760 = CARTESIAN_POINT('',(20.322963449725,-14.34164809123,1.645E+03));
#761 = CARTESIAN_POINT('',(20.124368418798,-14.77286282639,1.645E+03));
#762 = CARTESIAN_POINT('',(19.91768302481,-15.20023302833,1.645E+03));
#763 = CARTESIAN_POINT('',(19.486898066762,-16.04908585782,1.645E+03));
#764 = CARTESIAN_POINT('',(19.262708849491,-16.47052235315,1.645E+03));
#765 = CARTESIAN_POINT('',(19.030295145534,-16.88752118516,1.645E+03));
#766 = CARTESIAN_POINT('',(18.789640831511,-17.29978884301,1.645E+03));
#767 = CARTESIAN_POINT('',(18.353356576992,-18.01358006968,1.645E+03));
#768 = CARTESIAN_POINT('',(18.161301491465,-18.31728816253,1.645E+03));
#769 = CARTESIAN_POINT('',(17.964566879874,-18.61800546916,1.645E+03));
#770 = CARTESIAN_POINT('',(17.763152168205,-18.9155927668,1.645E+03));
#771 = CARTESIAN_POINT('',(17.352284660581,-19.50233644057,1.645E+03));
#772 = CARTESIAN_POINT('',(17.142891603569,-19.79153445414,1.645E+03));
#773 = CARTESIAN_POINT('',(16.928883846374,-20.0773557671,1.645E+03));
#774 = CARTESIAN_POINT('',(16.710269025826,-20.35965113482,1.645E+03));
#775 = CARTESIAN_POINT('',(16.264425210331,-20.91616091251,1.645E+03));
#776 = CARTESIAN_POINT('',(16.037220066743,-21.19039422895,1.645E+03));
#777 = CARTESIAN_POINT('',(15.805456564597,-21.46081025596,1.645E+03));
#778 = CARTESIAN_POINT('',(15.569153656908,-21.7272480801,1.645E+03));
#779 = CARTESIAN_POINT('',(15.09038996294,-22.24870702121,1.645E+03));
#780 = CARTESIAN_POINT('',(14.848036351069,-22.50382636908,1.645E+03));
#781 = CARTESIAN_POINT('',(14.601300690592,-22.75473701951,1.645E+03));
#782 = CARTESIAN_POINT('',(14.350215880559,-23.00127193938,1.645E+03));
#783 = CARTESIAN_POINT('',(13.877762323794,-23.44892521278,1.645E+03));
#784 = CARTESIAN_POINT('',(13.657589858416,-23.65130646539,1.645E+03));
#785 = CARTESIAN_POINT('',(13.434331032785,-23.8502962857,1.645E+03));
#786 = CARTESIAN_POINT('',(13.208016564593,-24.04578628346,1.645E+03));
#787 = CARTESIAN_POINT('',(12.751867360312,-24.42743760108,1.645E+03));
#788 = CARTESIAN_POINT('',(12.522098693408,-24.6136778681,1.645E+03));
#789 = CARTESIAN_POINT('',(12.289411467542,-24.79627925186,1.645E+03));
#790 = CARTESIAN_POINT('',(12.053846696225,-24.97513299599,1.645E+03));
#791 = CARTESIAN_POINT('',(11.579990700144,-25.32297058588,1.645E+03));
#792 = CARTESIAN_POINT('',(11.341768814857,-25.49204892534,1.645E+03));
#793 = CARTESIAN_POINT('',(11.100831240375,-25.65725751067,1.645E+03));
#794 = CARTESIAN_POINT('',(10.857230033767,-25.81848959309,1.645E+03));
#795 = CARTESIAN_POINT('',(10.369061572457,-26.13007765688,1.645E+03));
#796 = CARTESIAN_POINT('',(10.124583405896,-26.28057333579,1.645E+03));
#797 = CARTESIAN_POINT('',(9.87764516066,-26.42702325339,1.645E+03));
#798 = CARTESIAN_POINT('',(9.628309450793,-26.56932648587,1.645E+03));
#799 = CARTESIAN_POINT('',(9.152806912091,-26.83017540375,1.645E+03));
#800 = CARTESIAN_POINT('',(8.927126435961,-26.94960835334,1.645E+03));
#801 = CARTESIAN_POINT('',(8.699653230547,-27.0656114206,1.645E+03));
#802 = CARTESIAN_POINT('',(8.470440760791,-27.17811564659,1.645E+03));
#803 = CARTESIAN_POINT('',(8.011720296105,-27.39454433897,1.645E+03));
#804 = CARTESIAN_POINT('',(7.782256660568,-27.4985630211,1.645E+03));
#805 = CARTESIAN_POINT('',(7.551211886063,-27.59904467735,1.645E+03));
#806 = CARTESIAN_POINT('',(7.318646099784,-27.69592670841,1.645E+03));
#807 = CARTESIAN_POINT('',(6.853785230576,-27.88110265127,1.645E+03));
#808 = CARTESIAN_POINT('',(6.621529474564,-27.96949557015,1.645E+03));
#809 = CARTESIAN_POINT('',(6.387918462598,-28.05426965779,1.645E+03));
#810 = CARTESIAN_POINT('',(6.15301813757,-28.13537009874,1.645E+03));
#811 = CARTESIAN_POINT('',(5.685040275864,-28.28872374399,1.645E+03));
#812 = CARTESIAN_POINT('',(5.452006299303,-28.36111030183,1.645E+03));
#813 = CARTESIAN_POINT('',(5.217862785492,-28.42985585324,1.645E+03));
#814 = CARTESIAN_POINT('',(4.982679417734,-28.49491513157,1.645E+03));
#815 = CARTESIAN_POINT('',(4.512610357119,-28.61699856507,1.645E+03));
#816 = CARTESIAN_POINT('',(4.277742766328,-28.67409291353,1.645E+03));
#817 = CARTESIAN_POINT('',(4.04199760341,-28.72748925272,1.645E+03));
#818 = CARTESIAN_POINT('',(3.805448754421,-28.77715153264,1.645E+03));
#819 = CARTESIAN_POINT('',(3.335169095009,-28.86811818372,1.645E+03));
#820 = CARTESIAN_POINT('',(3.101464131959,-28.90955700209,1.645E+03));
#821 = CARTESIAN_POINT('',(2.867130666127,-28.94733446498,1.645E+03));
#822 = CARTESIAN_POINT('',(2.632243344925,-28.9814251584,1.645E+03));
#823 = CARTESIAN_POINT('',(2.1636827295,-29.04191146758,1.645E+03));
#824 = CARTESIAN_POINT('',(1.93001808097,-29.06837513084,1.645E+03));
#825 = CARTESIAN_POINT('',(1.695959435671,-29.09117905094,1.645E+03));
#826 = CARTESIAN_POINT('',(1.461582583413,-29.11030785727,1.645E+03));
#827 = CARTESIAN_POINT('',(0.996484983751,-29.14092178137,1.645E+03));
#828 = CARTESIAN_POINT('',(0.765772560989,-29.15253579937,1.645E+03));
#829 = CARTESIAN_POINT('',(0.534900281052,-29.1605831231,1.645E+03));
#830 = CARTESIAN_POINT('',(0.303941572668,-29.16505850956,1.645E+03));
#831 = CARTESIAN_POINT('',(4.782983127294E-02,-29.16605970583,1.645E+03)
  );
#832 = CARTESIAN_POINT('',(2.268923420094E-02,-29.16611566019,1.645E+03)
  );
#833 = CARTESIAN_POINT('',(-2.45141761131E-03,-29.16612928877,1.645E+03)
  );
#834 = CARTESIAN_POINT('',(-2.759202914194E-02,-29.1661005916,1.645E+03)
  );
#835 = CARTESIAN_POINT('',(-0.47174114634,-29.16484586263,1.645E+03));
#836 = CARTESIAN_POINT('',(-0.890713237683,-29.15190499611,1.645E+03));
#837 = CARTESIAN_POINT('',(-1.309205818698,-29.12721054238,1.645E+03));
#838 = CARTESIAN_POINT('',(-1.726783541118,-29.09081643775,1.645E+03));
#839 = CARTESIAN_POINT('',(-2.54955022889,-28.99595629093,1.645E+03));
#840 = CARTESIAN_POINT('',(-2.954802807547,-28.938023945,1.645E+03));
#841 = CARTESIAN_POINT('',(-3.358378686642,-28.86912771967,1.645E+03));
#842 = CARTESIAN_POINT('',(-3.75989859774,-28.78940541535,1.645E+03));
#843 = CARTESIAN_POINT('',(-4.548966466809,-28.61073354087,1.645E+03));
#844 = CARTESIAN_POINT('',(-4.93662516695,-28.51226541569,1.645E+03));
#845 = CARTESIAN_POINT('',(-5.321641723028,-28.40379504344,1.645E+03));
#846 = CARTESIAN_POINT('',(-5.703705139958,-28.2855185375,1.645E+03));
#847 = CARTESIAN_POINT('',(-6.451801082864,-28.0330164902,1.645E+03));
#848 = CARTESIAN_POINT('',(-6.817995764534,-27.89926783471,1.645E+03));
#849 = CARTESIAN_POINT('',(-7.180845320487,-27.75661382764,1.645E+03));
#850 = CARTESIAN_POINT('',(-7.540109637885,-27.60527802177,1.645E+03));
#851 = CARTESIAN_POINT('',(-8.099437975177,-27.35385829647,1.645E+03));
#852 = CARTESIAN_POINT('',(-8.302053539852,-27.25944185049,1.645E+03));
#853 = CARTESIAN_POINT('',(-8.503377888146,-27.16229194669,1.645E+03));
#854 = CARTESIAN_POINT('',(-8.703372992033,-27.0624542242,1.645E+03));
#855 = CARTESIAN_POINT('',(-9.0970614232,-26.85933971418,1.645E+03));
#856 = CARTESIAN_POINT('',(-9.290803394499,-26.7561570336,1.645E+03));
#857 = CARTESIAN_POINT('',(-9.483195991431,-26.65047151121,1.645E+03));
#858 = CARTESIAN_POINT('',(-9.674208198937,-26.54232787318,1.645E+03));
#859 = CARTESIAN_POINT('',(-10.05145491297,-26.32235760549,1.645E+03));
#860 = CARTESIAN_POINT('',(-10.23771838561,-26.21058055889,1.645E+03));
#861 = CARTESIAN_POINT('',(-10.42257414842,-26.09648410082,1.645E+03));
#862 = CARTESIAN_POINT('',(-10.6059967005,-25.9801122484,1.645E+03));
#863 = CARTESIAN_POINT('',(-10.96650511513,-25.74513760202,1.645E+03));
#864 = CARTESIAN_POINT('',(-11.14364525593,-25.62661794948,1.645E+03));
#865 = CARTESIAN_POINT('',(-11.31936115532,-25.50599193413,1.645E+03));
#866 = CARTESIAN_POINT('',(-11.49363269088,-25.38330114391,1.645E+03));
#867 = CARTESIAN_POINT('',(-11.66644162173,-25.25858704048,1.645E+03));
#868 = PCURVE('',#75,#869);
#869 = DEFINITIONAL_REPRESENTATION('',(#870),#1017);
#870 = B_SPLINE_CURVE_WITH_KNOTS('',5,(#871,#872,#873,#874,#875,#876,
    #877,#878,#879,#880,#881,#882,#883,#884,#885,#886,#887,#888,#889,
    #890,#891,#892,#893,#894,#895,#896,#897,#898,#899,#900,#901,#902,
    #903,#904,#905,#906,#907,#908,#909,#910,#911,#912,#913,#914,#915,
    #916,#917,#918,#919,#920,#921,#922,#923,#924,#925,#926,#927,#928,
    #929,#930,#931,#932,#933,#934,#935,#936,#937,#938,#939,#940,#941,
    #942,#943,#944,#945,#946,#947,#948,#949,#950,#951,#952,#953,#954,
    #955,#956,#957,#958,#959,#960,#961,#962,#963,#964,#965,#966,#967,
    #968,#969,#970,#971,#972,#973,#974,#975,#976,#977,#978,#979,#980,
    #981,#982,#983,#984,#985,#986,#987,#988,#989,#990,#991,#992,#993,
    #994,#995,#996,#997,#998,#999,#1000,#1001,#1002,#1003,#1004,#1005,
    #1006,#1007,#1008,#1009,#1010,#1011,#1012,#1013,#1014,#1015,#1016),
  .UNSPECIFIED.,.F.,.F.,(6,4,4,4,4,4,4,4,4,4,4,4,4,4,4,4,4,4,4,4,4,4,4,4
    ,4,4,4,4,4,4,4,4,4,4,4,4,6),(0.,1.783665380126E-03,4.51260253766E-03
    ,9.330749895304E-03,4.764711115675E-02,8.723245454853E-02,
    0.128064902877,0.169995982625,0.212846539541,0.256410130951,
    0.300458836492,0.344751470822,0.378095701431,0.411226951009,
    0.444272853967,0.476924941714,0.504676257443,0.532122769708,
    0.559231436772,0.58587283304,0.609568653771,0.63294971784,
    0.656012694125,0.678659425606,0.701092185834,0.723121054671,
    0.744946968092,0.766387887701,0.768721659574,0.807617922803,
    0.845607408786,0.882727038464,0.918911021835,0.939663395624,
    0.960042511792,0.980210989024,1.),.UNSPECIFIED.);
#871 = CARTESIAN_POINT('',(6.28318530718,-1.258902019746));
#872 = CARTESIAN_POINT('',(6.28238868278,-1.258902019746));
#873 = CARTESIAN_POINT('',(6.281592436485,-1.258902019746));
#874 = CARTESIAN_POINT('',(6.280796567319,-1.258902019746));
#875 = CARTESIAN_POINT('',(6.28000107431,-1.258902019746));
#876 = CARTESIAN_POINT('',(6.277989457808,-1.258902019746));
#877 = CARTESIAN_POINT('',(6.276773837356,-1.258902019746));
#878 = CARTESIAN_POINT('',(6.275559091655,-1.258902019746));
#879 = CARTESIAN_POINT('',(6.274345217247,-1.258902019746));
#880 = CARTESIAN_POINT('',(6.270990554795,-1.258902019746));
#881 = CARTESIAN_POINT('',(6.268851604215,-1.258902019746));
#882 = CARTESIAN_POINT('',(6.266715340003,-1.258902019746));
#883 = CARTESIAN_POINT('',(6.264581743366,-1.258902019746));
#884 = CARTESIAN_POINT('',(6.245504414447,-1.258902019746));
#885 = CARTESIAN_POINT('',(6.228725553215,-1.258902019746));
#886 = CARTESIAN_POINT('',(6.212104862254,-1.258902019746));
#887 = CARTESIAN_POINT('',(6.195633535413,-1.258902019746));
#888 = CARTESIAN_POINT('',(6.162432251489,-1.258902019746));
#889 = CARTESIAN_POINT('',(6.145711785288,-1.258902019746));
#890 = CARTESIAN_POINT('',(6.129132797897,-1.258902019746));
#891 = CARTESIAN_POINT('',(6.112686667496,-1.258902019746));
#892 = CARTESIAN_POINT('',(6.079529667689,-1.258902019746));
#893 = CARTESIAN_POINT('',(6.062826771994,-1.258902019746));
#894 = CARTESIAN_POINT('',(6.046247651638,-1.258902019746));
#895 = CARTESIAN_POINT('',(6.029783817766,-1.258902019746));
#896 = CARTESIAN_POINT('',(5.99663053012,-1.258902019746));
#897 = CARTESIAN_POINT('',(5.979946916875,-1.258902019746));
#898 = CARTESIAN_POINT('',(5.963367655902,-1.258902019746));
#899 = CARTESIAN_POINT('',(5.946884398964,-1.258902019746));
#900 = CARTESIAN_POINT('',(5.913734425501,-1.258902019746));
#901 = CARTESIAN_POINT('',(5.89707160618,-1.258902019746));
#902 = CARTESIAN_POINT('',(5.880492201467,-1.258902019746));
#903 = CARTESIAN_POINT('',(5.863988006865,-1.258902019746));
#904 = CARTESIAN_POINT('',(5.830840734727,-1.258902019746));
#905 = CARTESIAN_POINT('',(5.814199912341,-1.258902019746));
#906 = CARTESIAN_POINT('',(5.797620359437,-1.258902019746));
#907 = CARTESIAN_POINT('',(5.781094019708,-1.258902019746));
#908 = CARTESIAN_POINT('',(5.74794861199,-1.258902019746));
#909 = CARTESIAN_POINT('',(5.731330559634,-1.258902019746));
#910 = CARTESIAN_POINT('',(5.714750843839,-1.258902019746));
#911 = CARTESIAN_POINT('',(5.698201571188,-1.258902019746));
#912 = CARTESIAN_POINT('',(5.665056977246,-1.258902019746));
#913 = CARTESIAN_POINT('',(5.648461910351,-1.258902019746));
#914 = CARTESIAN_POINT('',(5.631881995406,-1.258902019746));
#915 = CARTESIAN_POINT('',(5.615309538145,-1.258902019746));
#916 = CARTESIAN_POINT('',(5.586260896564,-1.258902019746));
#917 = CARTESIAN_POINT('',(5.573784755057,-1.258902019746));
#918 = CARTESIAN_POINT('',(5.561305341396,-1.258902019746));
#919 = CARTESIAN_POINT('',(5.548819474432,-1.258902019746));
#920 = CARTESIAN_POINT('',(5.523908365689,-1.258902019746));
#921 = CARTESIAN_POINT('',(5.511483248055,-1.258902019746));
#922 = CARTESIAN_POINT('',(5.499045580387,-1.258902019746));
#923 = CARTESIAN_POINT('',(5.486592323445,-1.258902019746));
#924 = CARTESIAN_POINT('',(5.46168076247,-1.258902019746));
#925 = CARTESIAN_POINT('',(5.449222556653,-1.258902019746));
#926 = CARTESIAN_POINT('',(5.436742887446,-1.258902019746));
#927 = CARTESIAN_POINT('',(5.424238829244,-1.258902019746));
#928 = CARTESIAN_POINT('',(5.399325519415,-1.258902019746));
#929 = CARTESIAN_POINT('',(5.386916916807,-1.258902019746));
#930 = CARTESIAN_POINT('',(5.374478923353,-1.258902019746));
#931 = CARTESIAN_POINT('',(5.3620088256,-1.258902019746));
#932 = CARTESIAN_POINT('',(5.338875976884,-1.258902019746));
#933 = CARTESIAN_POINT('',(5.328222878669,-1.258902019746));
#934 = CARTESIAN_POINT('',(5.317543048998,-1.258902019746));
#935 = CARTESIAN_POINT('',(5.306834902518,-1.258902019746));
#936 = CARTESIAN_POINT('',(5.285476828019,-1.258902019746));
#937 = CARTESIAN_POINT('',(5.274827553791,-1.258902019746));
#938 = CARTESIAN_POINT('',(5.264147580529,-1.258902019746));
#939 = CARTESIAN_POINT('',(5.253435466473,-1.258902019746));
#940 = CARTESIAN_POINT('',(5.232076444684,-1.258902019746));
#941 = CARTESIAN_POINT('',(5.221430358592,-1.258902019746));
#942 = CARTESIAN_POINT('',(5.210750223168,-1.258902019746));
#943 = CARTESIAN_POINT('',(5.200034758814,-1.258902019746));
#944 = CARTESIAN_POINT('',(5.178716063526,-1.258902019746));
#945 = CARTESIAN_POINT('',(5.168114082507,-1.258902019746));
#946 = CARTESIAN_POINT('',(5.157475645922,-1.258902019746));
#947 = CARTESIAN_POINT('',(5.146799663235,-1.258902019746));
#948 = CARTESIAN_POINT('',(5.126555198339,-1.258902019746));
#949 = CARTESIAN_POINT('',(5.116994774047,-1.258902019746));
#950 = CARTESIAN_POINT('',(5.107403117329,-1.258902019746));
#951 = CARTESIAN_POINT('',(5.097779555334,-1.258902019746));
#952 = CARTESIAN_POINT('',(5.078595632129,-1.258902019746));
#953 = CARTESIAN_POINT('',(5.069036129113,-1.258902019746));
#954 = CARTESIAN_POINT('',(5.059444352432,-1.258902019746));
#955 = CARTESIAN_POINT('',(5.049819749199,-1.258902019746));
#956 = CARTESIAN_POINT('',(5.030635270037,-1.258902019746));
#957 = CARTESIAN_POINT('',(5.021076294093,-1.258902019746));
#958 = CARTESIAN_POINT('',(5.011484402371,-1.258902019746));
#959 = CARTESIAN_POINT('',(5.001859157023,-1.258902019746));
#960 = CARTESIAN_POINT('',(4.982715502333,-1.258902019746));
#961 = CARTESIAN_POINT('',(4.973198298864,-1.258902019746));
#962 = CARTESIAN_POINT('',(4.963648185873,-1.258902019746));
#963 = CARTESIAN_POINT('',(4.954064834683,-1.258902019746));
#964 = CARTESIAN_POINT('',(4.934921943121,-1.258902019746));
#965 = CARTESIAN_POINT('',(4.925363031578,-1.258902019746));
#966 = CARTESIAN_POINT('',(4.915770944851,-1.258902019746));
#967 = CARTESIAN_POINT('',(4.906145440099,-1.258902019746));
#968 = CARTESIAN_POINT('',(4.887001087804,-1.258902019746));
#969 = CARTESIAN_POINT('',(4.877483438143,-1.258902019746));
#970 = CARTESIAN_POINT('',(4.867933165441,-1.258902019746));
#971 = CARTESIAN_POINT('',(4.858350100732,-1.258902019746));
#972 = CARTESIAN_POINT('',(4.83920669607,-1.258902019746));
#973 = CARTESIAN_POINT('',(4.829646957848,-1.258902019746));
#974 = CARTESIAN_POINT('',(4.82005474904,-1.258902019746));
#975 = CARTESIAN_POINT('',(4.810429948884,-1.258902019746));
#976 = CARTESIAN_POINT('',(4.791285309967,-1.258902019746));
#977 = CARTESIAN_POINT('',(4.781766612015,-1.258902019746));
#978 = CARTESIAN_POINT('',(4.772216261914,-1.258902019746));
#979 = CARTESIAN_POINT('',(4.762634168097,-1.258902019746));
#980 = CARTESIAN_POINT('',(4.751973802265,-1.258902019746));
#981 = CARTESIAN_POINT('',(4.750926982051,-1.258902019746));
#982 = CARTESIAN_POINT('',(4.749879784613,-1.258902019746));
#983 = CARTESIAN_POINT('',(4.748832209838,-1.258902019746));
#984 = CARTESIAN_POINT('',(4.730318357856,-1.258902019746));
#985 = CARTESIAN_POINT('',(4.712747586337,-1.258902019746));
#986 = CARTESIAN_POINT('',(4.695071470672,-1.258902019746));
#987 = CARTESIAN_POINT('',(4.677289431861,-1.258902019746));
#988 = CARTESIAN_POINT('',(4.641929169548,-1.258902019746));
#989 = CARTESIAN_POINT('',(4.624355814802,-1.258902019746));
#990 = CARTESIAN_POINT('',(4.606680064956,-1.258902019746));
#991 = CARTESIAN_POINT('',(4.588900975192,-1.258902019746));
#992 = CARTESIAN_POINT('',(4.553543134208,-1.258902019746));
#993 = CARTESIAN_POINT('',(4.535969069451,-1.258902019746));
#994 = CARTESIAN_POINT('',(4.518293985795,-1.258902019746));
#995 = CARTESIAN_POINT('',(4.50051623155,-1.258902019746));
#996 = CARTESIAN_POINT('',(4.465202191668,-1.258902019746));
#997 = CARTESIAN_POINT('',(4.447671075886,-1.258902019746));
#998 = CARTESIAN_POINT('',(4.430038636467,-1.258902019746));
#999 = CARTESIAN_POINT('',(4.41230248247,-1.258902019746));
#1000 = CARTESIAN_POINT('',(4.384226603901,-1.258902019746));
#1001 = CARTESIAN_POINT('',(4.37395835908,-1.258902019746));
#1002 = CARTESIAN_POINT('',(4.363654531134,-1.258902019746));
#1003 = CARTESIAN_POINT('',(4.353314524105,-1.258902019746));
#1004 = CARTESIAN_POINT('',(4.332747485087,-1.258902019746));
#1005 = CARTESIAN_POINT('',(4.32252176553,-1.258902019746));
#1006 = CARTESIAN_POINT('',(4.312259905891,-1.258902019746));
#1007 = CARTESIAN_POINT('',(4.301961229807,-1.258902019746));
#1008 = CARTESIAN_POINT('',(4.281395614239,-1.258902019746));
#1009 = CARTESIAN_POINT('',(4.271129446567,-1.258902019746));
#1010 = CARTESIAN_POINT('',(4.26082579024,-1.258902019746));
#1011 = CARTESIAN_POINT('',(4.25048387768,-1.258902019746));
#1012 = CARTESIAN_POINT('',(4.229917208409,-1.258902019746));
#1013 = CARTESIAN_POINT('',(4.219693908192,-1.258902019746));
#1014 = CARTESIAN_POINT('',(4.209432205239,-1.258902019746));
#1015 = CARTESIAN_POINT('',(4.199131266502,-1.258902019746));
#1016 = CARTESIAN_POINT('',(4.188790204786,-1.258902019746));
#1017 = ( GEOMETRIC_REPRESENTATION_CONTEXT(2) 
PARAMETRIC_REPRESENTATION_CONTEXT() REPRESENTATION_CONTEXT('2D SPACE',''
  ) );
#1018 = PCURVE('',#420,#1019);
#1019 = DEFINITIONAL_REPRESENTATION('',(#1020),#1167);
#1020 = B_SPLINE_CURVE_WITH_KNOTS('',5,(#1021,#1022,#1023,#1024,#1025,
    #1026,#1027,#1028,#1029,#1030,#1031,#1032,#1033,#1034,#1035,#1036,
    #1037,#1038,#1039,#1040,#1041,#1042,#1043,#1044,#1045,#1046,#1047,
    #1048,#1049,#1050,#1051,#1052,#1053,#1054,#1055,#1056,#1057,#1058,
    #1059,#1060,#1061,#1062,#1063,#1064,#1065,#1066,#1067,#1068,#1069,
    #1070,#1071,#1072,#1073,#1074,#1075,#1076,#1077,#1078,#1079,#1080,
    #1081,#1082,#1083,#1084,#1085,#1086,#1087,#1088,#1089,#1090,#1091,
    #1092,#1093,#1094,#1095,#1096,#1097,#1098,#1099,#1100,#1101,#1102,
    #1103,#1104,#1105,#1106,#1107,#1108,#1109,#1110,#1111,#1112,#1113,
    #1114,#1115,#1116,#1117,#1118,#1119,#1120,#1121,#1122,#1123,#1124,
    #1125,#1126,#1127,#1128,#1129,#1130,#1131,#1132,#1133,#1134,#1135,
    #1136,#1137,#1138,#1139,#1140,#1141,#1142,#1143,#1144,#1145,#1146,
    #1147,#1148,#1149,#1150,#1151,#1152,#1153,#1154,#1155,#1156,#1157,
    #1158,#1159,#1160,#1161,#1162,#1163,#1164,#1165,#1166),
  .UNSPECIFIED.,.F.,.F.,(6,4,4,4,4,4,4,4,4,4,4,4,4,4,4,4,4,4,4,4,4,4,4,4
    ,4,4,4,4,4,4,4,4,4,4,4,4,6),(0.,1.783665380126E-03,4.51260253766E-03
    ,9.330749895304E-03,4.764711115675E-02,8.723245454853E-02,
    0.128064902877,0.169995982625,0.212846539541,0.256410130951,
    0.300458836492,0.344751470822,0.378095701431,0.411226951009,
    0.444272853967,0.476924941714,0.504676257443,0.532122769708,
    0.559231436772,0.58587283304,0.609568653771,0.63294971784,
    0.656012694125,0.678659425606,0.701092185834,0.723121054671,
    0.744946968092,0.766387887701,0.768721659574,0.807617922803,
    0.845607408786,0.882727038464,0.918911021835,0.939663395624,
    0.960042511792,0.980210989024,1.),.UNSPECIFIED.);
#1021 = CARTESIAN_POINT('',(23.332883243476,3.552713678801E-15));
#1022 = CARTESIAN_POINT('',(23.332883243476,-1.921471905687E-02));
#1023 = CARTESIAN_POINT('',(23.33287058476,-3.842945378994E-02));
#1024 = CARTESIAN_POINT('',(23.332845267287,-5.764419302887E-02));
#1025 = CARTESIAN_POINT('',(23.332807291005,-7.685892560386E-02));
#1026 = CARTESIAN_POINT('',(23.332679186085,-0.125471390403));
#1027 = CARTESIAN_POINT('',(23.332572084708,-0.154869098715));
#1028 = CARTESIAN_POINT('',(23.332435351504,-0.184266725281));
#1029 = CARTESIAN_POINT('',(23.332268986201,-0.213664230096));
#1030 = CARTESIAN_POINT('',(23.331726939493,-0.294964831682));
#1031 = CARTESIAN_POINT('',(23.331288518528,-0.346867585971));
#1032 = CARTESIAN_POINT('',(23.330757723788,-0.39876961585));
#1033 = CARTESIAN_POINT('',(23.330134552958,-0.450670701108));
#1034 = CARTESIAN_POINT('',(23.323728587143,-0.915305216612));
#1035 = CARTESIAN_POINT('',(23.31219590809,-1.327966065661));
#1036 = CARTESIAN_POINT('',(23.294819532413,-1.740442614428));
#1037 = CARTESIAN_POINT('',(23.271595950262,-2.152623575827));
#1038 = CARTESIAN_POINT('',(23.212480233655,-2.98980761828));
#1039 = CARTESIAN_POINT('',(23.176194023111,-3.414783078763));
#1040 = CARTESIAN_POINT('',(23.133654769914,-3.839199809134));
#1041 = CARTESIAN_POINT('',(23.084854049283,-4.262932268275));
#1042 = CARTESIAN_POINT('',(22.972973295069,-5.122097263327));
#1043 = CARTESIAN_POINT('',(22.909491875443,-5.557477627292));
#1044 = CARTESIAN_POINT('',(22.839325187364,-5.991853973262));
#1045 = CARTESIAN_POINT('',(22.762459225224,-6.425082537848));
#1046 = CARTESIAN_POINT('',(22.593047378373,-7.300570568278));
#1047 = CARTESIAN_POINT('',(22.500135327645,-7.742759134342));
#1048 = CARTESIAN_POINT('',(22.400123907795,-8.183421754679));
#1049 = CARTESIAN_POINT('',(22.292993485181,-8.622392740639));
#1050 = CARTESIAN_POINT('',(22.061945645189,-9.506193181939));
#1051 = CARTESIAN_POINT('',(21.937711752625,-9.9509397125));
#1052 = CARTESIAN_POINT('',(21.805997652188,-10.393556883));
#1053 = CARTESIAN_POINT('',(21.666779016754,-10.83385293991));
#1054 = CARTESIAN_POINT('',(21.370839704557,-11.71668670642));
#1055 = CARTESIAN_POINT('',(21.213866538375,-12.15913943793));
#1056 = CARTESIAN_POINT('',(21.049083898351,-12.59877522219));
#1057 = CARTESIAN_POINT('',(20.876465135715,-13.03537194699));
#1058 = CARTESIAN_POINT('',(20.513492802433,-13.90684523378));
#1059 = CARTESIAN_POINT('',(20.322963449725,-14.34164809123));
#1060 = CARTESIAN_POINT('',(20.124368418798,-14.77286282639));
#1061 = CARTESIAN_POINT('',(19.91768302481,-15.20023302833));
#1062 = CARTESIAN_POINT('',(19.486898066762,-16.04908585782));
#1063 = CARTESIAN_POINT('',(19.262708849491,-16.47052235315));
#1064 = CARTESIAN_POINT('',(19.030295145534,-16.88752118516));
#1065 = CARTESIAN_POINT('',(18.789640831511,-17.29978884301));
#1066 = CARTESIAN_POINT('',(18.353356576992,-18.01358006968));
#1067 = CARTESIAN_POINT('',(18.161301491465,-18.31728816253));
#1068 = CARTESIAN_POINT('',(17.964566879874,-18.61800546916));
#1069 = CARTESIAN_POINT('',(17.763152168205,-18.9155927668));
#1070 = CARTESIAN_POINT('',(17.352284660581,-19.50233644057));
#1071 = CARTESIAN_POINT('',(17.142891603569,-19.79153445414));
#1072 = CARTESIAN_POINT('',(16.928883846374,-20.0773557671));
#1073 = CARTESIAN_POINT('',(16.710269025826,-20.35965113482));
#1074 = CARTESIAN_POINT('',(16.264425210331,-20.91616091251));
#1075 = CARTESIAN_POINT('',(16.037220066743,-21.19039422895));
#1076 = CARTESIAN_POINT('',(15.805456564597,-21.46081025596));
#1077 = CARTESIAN_POINT('',(15.569153656908,-21.7272480801));
#1078 = CARTESIAN_POINT('',(15.09038996294,-22.24870702121));
#1079 = CARTESIAN_POINT('',(14.848036351069,-22.50382636908));
#1080 = CARTESIAN_POINT('',(14.601300690592,-22.75473701951));
#1081 = CARTESIAN_POINT('',(14.350215880559,-23.00127193938));
#1082 = CARTESIAN_POINT('',(13.877762323794,-23.44892521278));
#1083 = CARTESIAN_POINT('',(13.657589858416,-23.65130646539));
#1084 = CARTESIAN_POINT('',(13.434331032785,-23.8502962857));
#1085 = CARTESIAN_POINT('',(13.208016564593,-24.04578628346));
#1086 = CARTESIAN_POINT('',(12.751867360312,-24.42743760108));
#1087 = CARTESIAN_POINT('',(12.522098693408,-24.6136778681));
#1088 = CARTESIAN_POINT('',(12.289411467542,-24.79627925186));
#1089 = CARTESIAN_POINT('',(12.053846696225,-24.97513299599));
#1090 = CARTESIAN_POINT('',(11.579990700144,-25.32297058588));
#1091 = CARTESIAN_POINT('',(11.341768814857,-25.49204892534));
#1092 = CARTESIAN_POINT('',(11.100831240375,-25.65725751067));
#1093 = CARTESIAN_POINT('',(10.857230033767,-25.81848959309));
#1094 = CARTESIAN_POINT('',(10.369061572457,-26.13007765688));
#1095 = CARTESIAN_POINT('',(10.124583405896,-26.28057333579));
#1096 = CARTESIAN_POINT('',(9.87764516066,-26.42702325339));
#1097 = CARTESIAN_POINT('',(9.628309450793,-26.56932648587));
#1098 = CARTESIAN_POINT('',(9.152806912091,-26.83017540375));
#1099 = CARTESIAN_POINT('',(8.927126435961,-26.94960835334));
#1100 = CARTESIAN_POINT('',(8.699653230547,-27.0656114206));
#1101 = CARTESIAN_POINT('',(8.470440760791,-27.17811564659));
#1102 = CARTESIAN_POINT('',(8.011720296105,-27.39454433897));
#1103 = CARTESIAN_POINT('',(7.782256660568,-27.4985630211));
#1104 = CARTESIAN_POINT('',(7.551211886063,-27.59904467735));
#1105 = CARTESIAN_POINT('',(7.318646099784,-27.69592670841));
#1106 = CARTESIAN_POINT('',(6.853785230576,-27.88110265127));
#1107 = CARTESIAN_POINT('',(6.621529474564,-27.96949557015));
#1108 = CARTESIAN_POINT('',(6.387918462598,-28.05426965779));
#1109 = CARTESIAN_POINT('',(6.15301813757,-28.13537009874));
#1110 = CARTESIAN_POINT('',(5.685040275864,-28.28872374399));
#1111 = CARTESIAN_POINT('',(5.452006299303,-28.36111030183));
#1112 = CARTESIAN_POINT('',(5.217862785492,-28.42985585324));
#1113 = CARTESIAN_POINT('',(4.982679417734,-28.49491513157));
#1114 = CARTESIAN_POINT('',(4.512610357119,-28.61699856507));
#1115 = CARTESIAN_POINT('',(4.277742766328,-28.67409291353));
#1116 = CARTESIAN_POINT('',(4.04199760341,-28.72748925272));
#1117 = CARTESIAN_POINT('',(3.805448754421,-28.77715153264));
#1118 = CARTESIAN_POINT('',(3.335169095009,-28.86811818372));
#1119 = CARTESIAN_POINT('',(3.101464131959,-28.90955700209));
#1120 = CARTESIAN_POINT('',(2.867130666127,-28.94733446498));
#1121 = CARTESIAN_POINT('',(2.632243344925,-28.9814251584));
#1122 = CARTESIAN_POINT('',(2.1636827295,-29.04191146758));
#1123 = CARTESIAN_POINT('',(1.93001808097,-29.06837513084));
#1124 = CARTESIAN_POINT('',(1.695959435671,-29.09117905094));
#1125 = CARTESIAN_POINT('',(1.461582583413,-29.11030785727));
#1126 = CARTESIAN_POINT('',(0.996484983751,-29.14092178137));
#1127 = CARTESIAN_POINT('',(0.765772560989,-29.15253579937));
#1128 = CARTESIAN_POINT('',(0.534900281052,-29.1605831231));
#1129 = CARTESIAN_POINT('',(0.303941572668,-29.16505850956));
#1130 = CARTESIAN_POINT('',(4.782983127294E-02,-29.16605970583));
#1131 = CARTESIAN_POINT('',(2.268923420094E-02,-29.16611566019));
#1132 = CARTESIAN_POINT('',(-2.45141761131E-03,-29.16612928877));
#1133 = CARTESIAN_POINT('',(-2.759202914194E-02,-29.1661005916));
#1134 = CARTESIAN_POINT('',(-0.47174114634,-29.16484586263));
#1135 = CARTESIAN_POINT('',(-0.890713237683,-29.15190499611));
#1136 = CARTESIAN_POINT('',(-1.309205818698,-29.12721054238));
#1137 = CARTESIAN_POINT('',(-1.726783541118,-29.09081643775));
#1138 = CARTESIAN_POINT('',(-2.54955022889,-28.99595629093));
#1139 = CARTESIAN_POINT('',(-2.954802807547,-28.938023945));
#1140 = CARTESIAN_POINT('',(-3.358378686642,-28.86912771967));
#1141 = CARTESIAN_POINT('',(-3.75989859774,-28.78940541535));
#1142 = CARTESIAN_POINT('',(-4.548966466809,-28.61073354087));
#1143 = CARTESIAN_POINT('',(-4.93662516695,-28.51226541569));
#1144 = CARTESIAN_POINT('',(-5.321641723028,-28.40379504344));
#1145 = CARTESIAN_POINT('',(-5.703705139958,-28.2855185375));
#1146 = CARTESIAN_POINT('',(-6.451801082864,-28.0330164902));
#1147 = CARTESIAN_POINT('',(-6.817995764534,-27.89926783471));
#1148 = CARTESIAN_POINT('',(-7.180845320487,-27.75661382764));
#1149 = CARTESIAN_POINT('',(-7.540109637885,-27.60527802177));
#1150 = CARTESIAN_POINT('',(-8.099437975177,-27.35385829647));
#1151 = CARTESIAN_POINT('',(-8.302053539852,-27.25944185049));
#1152 = CARTESIAN_POINT('',(-8.503377888146,-27.16229194669));
#1153 = CARTESIAN_POINT('',(-8.703372992033,-27.0624542242));
#1154 = CARTESIAN_POINT('',(-9.0970614232,-26.85933971418));
#1155 = CARTESIAN_POINT('',(-9.290803394499,-26.7561570336));
#1156 = CARTESIAN_POINT('',(-9.483195991431,-26.65047151121));
#1157 = CARTESIAN_POINT('',(-9.674208198937,-26.54232787318));
#1158 = CARTESIAN_POINT('',(-10.05145491297,-26.32235760549));
#1159 = CARTESIAN_POINT('',(-10.23771838561,-26.21058055889));
#1160 = CARTESIAN_POINT('',(-10.42257414842,-26.09648410082));
#1161 = CARTESIAN_POINT('',(-10.6059967005,-25.9801122484));
#1162 = CARTESIAN_POINT('',(-10.96650511513,-25.74513760202));
#1163 = CARTESIAN_POINT('',(-11.14364525593,-25.62661794948));
#1164 = CARTESIAN_POINT('',(-11.31936115532,-25.50599193413));
#1165 = CARTESIAN_POINT('',(-11.49363269088,-25.38330114391));
#1166 = CARTESIAN_POINT('',(-11.66644162173,-25.25858704048));
#1167 = ( GEOMETRIC_REPRESENTATION_CONTEXT(2) 
PARAMETRIC_REPRESENTATION_CONTEXT() REPRESENTATION_CONTEXT('2D SPACE',''
  ) );
#1168 = ORIENTED_EDGE('',*,*,#21,.T.);
#1169 = ORIENTED_EDGE('',*,*,#1170,.F.);
#1170 = EDGE_CURVE('',#697,#24,#1171,.T.);
#1171 = SURFACE_CURVE('',#1172,(#1176,#1183),.PCURVE_S1.);
#1172 = ( BOUNDED_CURVE() B_SPLINE_CURVE(2,(#1173,#1174,#1175),
.UNSPECIFIED.,.F.,.F.) B_SPLINE_CURVE_WITH_KNOTS((3,3),(4.188790204786,
6.28318530718),.PIECEWISE_BEZIER_KNOTS.) CURVE() 
GEOMETRIC_REPRESENTATION_ITEM() RATIONAL_B_SPLINE_CURVE((1.,0.5,1.)) 
REPRESENTATION_ITEM('') );
#1173 = CARTESIAN_POINT('',(-40.,-86.60254037844,1.755E+03));
#1174 = CARTESIAN_POINT('',(80.,-173.2050807568,1.755E+03));
#1175 = CARTESIAN_POINT('',(80.,0.,1.755E+03));
#1176 = PCURVE('',#75,#1177);
#1177 = DEFINITIONAL_REPRESENTATION('',(#1178),#1182);
#1178 = LINE('',#1179,#1180);
#1179 = CARTESIAN_POINT('',(0.,0.));
#1180 = VECTOR('',#1181,1.);
#1181 = DIRECTION('',(1.,0.));
#1182 = ( GEOMETRIC_REPRESENTATION_CONTEXT(2) 
PARAMETRIC_REPRESENTATION_CONTEXT() REPRESENTATION_CONTEXT('2D SPACE',''
  ) );
#1183 = PCURVE('',#1184,#1220);
#1184 = ( BOUNDED_SURFACE() B_SPLINE_SURFACE(2,2,(
    (#1185,#1186,#1187,#1188,#1189)
    ,(#1190,#1191,#1192,#1193,#1194)
    ,(#1195,#1196,#1197,#1198,#1199)
    ,(#1200,#1201,#1202,#1203,#1204)
    ,(#1205,#1206,#1207,#1208,#1209)
    ,(#1210,#1211,#1212,#1213,#1214)
    ,(#1215,#1216,#1217,#1218,#1219
)),.UNSPECIFIED.,.T.,.F.,.F.) B_SPLINE_SURFACE_WITH_KNOTS((1,2,2,2,2,1),
  (3,2,3),(-2.094395102393,0.,2.094395102393,4.188790204786,
    6.28318530718,8.377580409573),(-1.570796326795,0.,1.570796326795),
.UNSPECIFIED.) GEOMETRIC_REPRESENTATION_ITEM() RATIONAL_B_SPLINE_SURFACE
((
    (1.,0.707106781187,1.,0.707106781187,1.)
    ,(0.5,0.353553390593,0.5,0.353553390593,0.5)
    ,(1.,0.707106781187,1.,0.707106781187,1.)
    ,(0.5,0.353553390593,0.5,0.353553390593,0.5)
    ,(1.,0.707106781187,1.,0.707106781187,1.)
    ,(0.5,0.353553390593,0.5,0.353553390593,0.5)
,(1.,0.707106781187,1.,0.707106781187,1.
))) REPRESENTATION_ITEM('') SURFACE() );
#1185 = CARTESIAN_POINT('',(4.898587196589E-15,0.,1.64E+03));
#1186 = CARTESIAN_POINT('',(80.,0.,1.64E+03));
#1187 = CARTESIAN_POINT('',(80.,0.,1.755E+03));
#1188 = CARTESIAN_POINT('',(80.,0.,1.87E+03));
#1189 = CARTESIAN_POINT('',(4.898587196589E-15,0.,1.87E+03));
#1190 = CARTESIAN_POINT('',(4.898587196589E-15,1.060575238725E-14,
    1.64E+03));
#1191 = CARTESIAN_POINT('',(80.,173.20508075688,1.64E+03));
#1192 = CARTESIAN_POINT('',(80.,173.20508075688,1.755E+03));
#1193 = CARTESIAN_POINT('',(80.,173.20508075688,1.87E+03));
#1194 = CARTESIAN_POINT('',(4.898587196589E-15,1.060575238725E-14,
    1.87E+03));
#1195 = CARTESIAN_POINT('',(-2.449293598295E-15,5.302876193625E-15,
    1.64E+03));
#1196 = CARTESIAN_POINT('',(-40.,86.602540378444,1.64E+03));
#1197 = CARTESIAN_POINT('',(-40.,86.602540378444,1.755E+03));
#1198 = CARTESIAN_POINT('',(-40.,86.602540378444,1.87E+03));
#1199 = CARTESIAN_POINT('',(-2.449293598295E-15,5.302876193625E-15,
    1.87E+03));
#1200 = CARTESIAN_POINT('',(-9.797174393179E-15,-1.499759782662E-30,
    1.64E+03));
#1201 = CARTESIAN_POINT('',(-160.,-2.449293598295E-14,1.64E+03));
#1202 = CARTESIAN_POINT('',(-160.,-2.449293598295E-14,1.755E+03));
#1203 = CARTESIAN_POINT('',(-160.,-2.449293598295E-14,1.87E+03));
#1204 = CARTESIAN_POINT('',(-9.797174393179E-15,-1.499759782662E-30,
    1.87E+03));
#1205 = CARTESIAN_POINT('',(-2.449293598295E-15,-5.302876193625E-15,
    1.64E+03));
#1206 = CARTESIAN_POINT('',(-40.,-86.60254037844,1.64E+03));
#1207 = CARTESIAN_POINT('',(-40.,-86.60254037844,1.755E+03));
#1208 = CARTESIAN_POINT('',(-40.,-86.60254037844,1.87E+03));
#1209 = CARTESIAN_POINT('',(-2.449293598295E-15,-5.302876193625E-15,
    1.87E+03));
#1210 = CARTESIAN_POINT('',(4.898587196589E-15,-1.060575238725E-14,
    1.64E+03));
#1211 = CARTESIAN_POINT('',(80.,-173.2050807568,1.64E+03));
#1212 = CARTESIAN_POINT('',(80.,-173.2050807568,1.755E+03));
#1213 = CARTESIAN_POINT('',(80.,-173.2050807568,1.87E+03));
#1214 = CARTESIAN_POINT('',(4.898587196589E-15,-1.060575238725E-14,
    1.87E+03));
#1215 = CARTESIAN_POINT('',(4.898587196589E-15,0.,1.64E+03));
#1216 = CARTESIAN_POINT('',(80.,0.,1.64E+03));
#1217 = CARTESIAN_POINT('',(80.,0.,1.755E+03));
#1218 = CARTESIAN_POINT('',(80.,0.,1.87E+03));
#1219 = CARTESIAN_POINT('',(4.898587196589E-15,0.,1.87E+03));
#1220 = DEFINITIONAL_REPRESENTATION('',(#1221),#1225);
#1221 = LINE('',#1222,#1223);
#1222 = CARTESIAN_POINT('',(0.,0.));
#1223 = VECTOR('',#1224,1.);
#1224 = DIRECTION('',(1.,0.));
#1225 = ( GEOMETRIC_REPRESENTATION_CONTEXT(2) 
PARAMETRIC_REPRESENTATION_CONTEXT() REPRESENTATION_CONTEXT('2D SPACE',''
  ) );
#1226 = ADVANCED_FACE('',(#1227),#648,.T.);
#1227 = FACE_BOUND('',#1228,.T.);
#1228 = EDGE_LOOP('',(#1229,#1252,#1253));
#1229 = ORIENTED_EDGE('',*,*,#1230,.F.);
#1230 = EDGE_CURVE('',#24,#1231,#1233,.T.);
#1231 = VERTEX_POINT('',#1232);
#1232 = CARTESIAN_POINT('',(4.898587196589E-15,0.,1.87E+03));
#1233 = SURFACE_CURVE('',#1234,(#1238,#1245),.PCURVE_S1.);
#1234 = ( BOUNDED_CURVE() B_SPLINE_CURVE(2,(#1235,#1236,#1237),
.UNSPECIFIED.,.F.,.F.) B_SPLINE_CURVE_WITH_KNOTS((3,3),(0.,
1.570796326795),.PIECEWISE_BEZIER_KNOTS.) CURVE() 
GEOMETRIC_REPRESENTATION_ITEM() RATIONAL_B_SPLINE_CURVE((1.,
0.707106781187,1.)) REPRESENTATION_ITEM('') );
#1235 = CARTESIAN_POINT('',(80.,0.,1.755E+03));
#1236 = CARTESIAN_POINT('',(80.,0.,1.87E+03));
#1237 = CARTESIAN_POINT('',(4.898587196589E-15,0.,1.87E+03));
#1238 = PCURVE('',#648,#1239);
#1239 = DEFINITIONAL_REPRESENTATION('',(#1240),#1244);
#1240 = LINE('',#1241,#1242);
#1241 = CARTESIAN_POINT('',(0.,0.));
#1242 = VECTOR('',#1243,1.);
#1243 = DIRECTION('',(0.,1.));
#1244 = ( GEOMETRIC_REPRESENTATION_CONTEXT(2) 
PARAMETRIC_REPRESENTATION_CONTEXT() REPRESENTATION_CONTEXT('2D SPACE',''
  ) );
#1245 = PCURVE('',#1184,#1246);
#1246 = DEFINITIONAL_REPRESENTATION('',(#1247),#1251);
#1247 = LINE('',#1248,#1249);
#1248 = CARTESIAN_POINT('',(6.28318530718,0.));
#1249 = VECTOR('',#1250,1.);
#1250 = DIRECTION('',(0.,1.));
#1251 = ( GEOMETRIC_REPRESENTATION_CONTEXT(2) 
PARAMETRIC_REPRESENTATION_CONTEXT() REPRESENTATION_CONTEXT('2D SPACE',''
  ) );
#1252 = ORIENTED_EDGE('',*,*,#634,.T.);
#1253 = ORIENTED_EDGE('',*,*,#1254,.T.);
#1254 = EDGE_CURVE('',#576,#1255,#1257,.T.);
#1255 = VERTEX_POINT('',#1256);
#1256 = CARTESIAN_POINT('',(-2.449293598295E-15,5.302876193625E-15,
    1.87E+03));
#1257 = SURFACE_CURVE('',#1258,(#1262,#1269),.PCURVE_S1.);
#1258 = ( BOUNDED_CURVE() B_SPLINE_CURVE(2,(#1259,#1260,#1261),
.UNSPECIFIED.,.F.,.F.) B_SPLINE_CURVE_WITH_KNOTS((3,3),(0.,
1.570796326795),.PIECEWISE_BEZIER_KNOTS.) CURVE() 
GEOMETRIC_REPRESENTATION_ITEM() RATIONAL_B_SPLINE_CURVE((1.,
0.707106781187,1.)) REPRESENTATION_ITEM('') );
#1259 = CARTESIAN_POINT('',(-40.,86.602540378444,1.755E+03));
#1260 = CARTESIAN_POINT('',(-40.,86.602540378444,1.87E+03));
#1261 = CARTESIAN_POINT('',(-2.449293598295E-15,5.302876193625E-15,
    1.87E+03));
#1262 = PCURVE('',#648,#1263);
#1263 = DEFINITIONAL_REPRESENTATION('',(#1264),#1268);
#1264 = LINE('',#1265,#1266);
#1265 = CARTESIAN_POINT('',(2.094395102393,0.));
#1266 = VECTOR('',#1267,1.);
#1267 = DIRECTION('',(0.,1.));
#1268 = ( GEOMETRIC_REPRESENTATION_CONTEXT(2) 
PARAMETRIC_REPRESENTATION_CONTEXT() REPRESENTATION_CONTEXT('2D SPACE',''
  ) );
#1269 = PCURVE('',#1270,#1306);
#1270 = ( BOUNDED_SURFACE() B_SPLINE_SURFACE(2,2,(
    (#1271,#1272,#1273,#1274,#1275)
    ,(#1276,#1277,#1278,#1279,#1280)
    ,(#1281,#1282,#1283,#1284,#1285)
    ,(#1286,#1287,#1288,#1289,#1290)
    ,(#1291,#1292,#1293,#1294,#1295)
    ,(#1296,#1297,#1298,#1299,#1300)
    ,(#1301,#1302,#1303,#1304,#1305
)),.UNSPECIFIED.,.T.,.F.,.F.) B_SPLINE_SURFACE_WITH_KNOTS((1,2,2,2,2,1),
  (3,2,3),(-2.094395102393,0.,2.094395102393,4.188790204786,
    6.28318530718,8.377580409573),(-1.570796326795,0.,1.570796326795),
.UNSPECIFIED.) GEOMETRIC_REPRESENTATION_ITEM() RATIONAL_B_SPLINE_SURFACE
((
    (1.,0.707106781187,1.,0.707106781187,1.)
    ,(0.5,0.353553390593,0.5,0.353553390593,0.5)
    ,(1.,0.707106781187,1.,0.707106781187,1.)
    ,(0.5,0.353553390593,0.5,0.353553390593,0.5)
    ,(1.,0.707106781187,1.,0.707106781187,1.)
    ,(0.5,0.353553390593,0.5,0.353553390593,0.5)
,(1.,0.707106781187,1.,0.707106781187,1.
))) REPRESENTATION_ITEM('') SURFACE() );
#1271 = CARTESIAN_POINT('',(4.898587196589E-15,0.,1.64E+03));
#1272 = CARTESIAN_POINT('',(80.,0.,1.64E+03));
#1273 = CARTESIAN_POINT('',(80.,0.,1.755E+03));
#1274 = CARTESIAN_POINT('',(80.,0.,1.87E+03));
#1275 = CARTESIAN_POINT('',(4.898587196589E-15,0.,1.87E+03));
#1276 = CARTESIAN_POINT('',(4.898587196589E-15,1.060575238725E-14,
    1.64E+03));
#1277 = CARTESIAN_POINT('',(80.,173.20508075688,1.64E+03));
#1278 = CARTESIAN_POINT('',(80.,173.20508075688,1.755E+03));
#1279 = CARTESIAN_POINT('',(80.,173.20508075688,1.87E+03));
#1280 = CARTESIAN_POINT('',(4.898587196589E-15,1.060575238725E-14,
    1.87E+03));
#1281 = CARTESIAN_POINT('',(-2.449293598295E-15,5.302876193625E-15,
    1.64E+03));
#1282 = CARTESIAN_POINT('',(-40.,86.602540378444,1.64E+03));
#1283 = CARTESIAN_POINT('',(-40.,86.602540378444,1.755E+03));
#1284 = CARTESIAN_POINT('',(-40.,86.602540378444,1.87E+03));
#1285 = CARTESIAN_POINT('',(-2.449293598295E-15,5.302876193625E-15,
    1.87E+03));
#1286 = CARTESIAN_POINT('',(-9.797174393179E-15,-1.499759782662E-30,
    1.64E+03));
#1287 = CARTESIAN_POINT('',(-160.,-2.449293598295E-14,1.64E+03));
#1288 = CARTESIAN_POINT('',(-160.,-2.449293598295E-14,1.755E+03));
#1289 = CARTESIAN_POINT('',(-160.,-2.449293598295E-14,1.87E+03));
#1290 = CARTESIAN_POINT('',(-9.797174393179E-15,-1.499759782662E-30,
    1.87E+03));
#1291 = CARTESIAN_POINT('',(-2.449293598295E-15,-5.302876193625E-15,
    1.64E+03));
#1292 = CARTESIAN_POINT('',(-40.,-86.60254037844,1.64E+03));
#1293 = CARTESIAN_POINT('',(-40.,-86.60254037844,1.755E+03));
#1294 = CARTESIAN_POINT('',(-40.,-86.60254037844,1.87E+03));
#1295 = CARTESIAN_POINT('',(-2.449293598295E-15,-5.302876193625E-15,
    1.87E+03));
#1296 = CARTESIAN_POINT('',(4.898587196589E-15,-1.060575238725E-14,
    1.64E+03));
#1297 = CARTESIAN_POINT('',(80.,-173.2050807568,1.64E+03));
#1298 = CARTESIAN_POINT('',(80.,-173.2050807568,1.755E+03));
#1299 = CARTESIAN_POINT('',(80.,-173.2050807568,1.87E+03));
#1300 = CARTESIAN_POINT('',(4.898587196589E-15,-1.060575238725E-14,
    1.87E+03));
#1301 = CARTESIAN_POINT('',(4.898587196589E-15,0.,1.64E+03));
#1302 = CARTESIAN_POINT('',(80.,0.,1.64E+03));
#1303 = CARTESIAN_POINT('',(80.,0.,1.755E+03));
#1304 = CARTESIAN_POINT('',(80.,0.,1.87E+03));
#1305 = CARTESIAN_POINT('',(4.898587196589E-15,0.,1.87E+03));
#1306 = DEFINITIONAL_REPRESENTATION('',(#1307),#1311);
#1307 = LINE('',#1308,#1309);
#1308 = CARTESIAN_POINT('',(2.094395102393,0.));
#1309 = VECTOR('',#1310,1.);
#1310 = DIRECTION('',(0.,1.));
#1311 = ( GEOMETRIC_REPRESENTATION_CONTEXT(2) 
PARAMETRIC_REPRESENTATION_CONTEXT() REPRESENTATION_CONTEXT('2D SPACE',''
  ) );
#1312 = ADVANCED_FACE('',(#1313),#591,.T.);
#1313 = FACE_BOUND('',#1314,.T.);
#1314 = EDGE_LOOP('',(#1315,#1316,#1559,#1560));
#1315 = ORIENTED_EDGE('',*,*,#575,.F.);
#1316 = ORIENTED_EDGE('',*,*,#1317,.F.);
#1317 = EDGE_CURVE('',#695,#119,#1318,.T.);
#1318 = SURFACE_CURVE('',#1319,(#1397,#1478),.PCURVE_S1.);
#1319 = B_SPLINE_CURVE_WITH_KNOTS('',4,(#1320,#1321,#1322,#1323,#1324,
    #1325,#1326,#1327,#1328,#1329,#1330,#1331,#1332,#1333,#1334,#1335,
    #1336,#1337,#1338,#1339,#1340,#1341,#1342,#1343,#1344,#1345,#1346,
    #1347,#1348,#1349,#1350,#1351,#1352,#1353,#1354,#1355,#1356,#1357,
    #1358,#1359,#1360,#1361,#1362,#1363,#1364,#1365,#1366,#1367,#1368,
    #1369,#1370,#1371,#1372,#1373,#1374,#1375,#1376,#1377,#1378,#1379,
    #1380,#1381,#1382,#1383,#1384,#1385,#1386,#1387,#1388,#1389,#1390,
    #1391,#1392,#1393,#1394,#1395,#1396),.UNSPECIFIED.,.F.,.F.,(5,3,3,3,
    3,3,3,3,3,3,3,3,3,3,3,3,3,3,3,3,3,3,3,3,3,5),(0.,3.24280957186E-02,
    6.658613423903E-02,0.102685544486,0.140755973613,0.180296816577,
    0.221692078838,0.264829576691,0.309430246153,0.355483974828,
    0.402604827301,0.450468065579,0.498599525591,0.50315105262,
    0.552436849131,0.599806130497,0.646542748029,0.692105011421,
    0.736443874997,0.779124787573,0.820094227222,0.859244025429,
    0.897402953083,0.933497680326,0.967651148625,1.),.UNSPECIFIED.);
#1320 = CARTESIAN_POINT('',(-11.66644162173,-25.25858704048,1.645E+03));
#1321 = CARTESIAN_POINT('',(-12.04558502056,-24.98496386126,1.645E+03));
#1322 = CARTESIAN_POINT('',(-12.41724394016,-24.70093303034,1.645E+03));
#1323 = CARTESIAN_POINT('',(-12.7811697644,-24.40705336573,1.645E+03));
#1324 = CARTESIAN_POINT('',(-13.51220667453,-23.78450199873,1.645E+03));
#1325 = CARTESIAN_POINT('',(-13.87845132291,-23.45481019013,1.645E+03));
#1326 = CARTESIAN_POINT('',(-14.23572695934,-23.11541960317,1.645E+03));
#1327 = CARTESIAN_POINT('',(-14.95188505262,-22.39861857357,1.645E+03));
#1328 = CARTESIAN_POINT('',(-15.30970390285,-22.02014338549,1.645E+03));
#1329 = CARTESIAN_POINT('',(-15.65722432623,-21.6321951588,1.645E+03));
#1330 = CARTESIAN_POINT('',(-16.34993294685,-20.81697084356,1.645E+03));
#1331 = CARTESIAN_POINT('',(-16.69395681729,-20.38870406546,1.645E+03));
#1332 = CARTESIAN_POINT('',(-17.02636205525,-19.95136583194,1.645E+03));
#1333 = CARTESIAN_POINT('',(-17.68028054319,-19.04268548784,1.645E+03));
#1334 = CARTESIAN_POINT('',(-18.00087624315,-18.57068278831,1.645E+03));
#1335 = CARTESIAN_POINT('',(-18.30888929918,-18.09038362013,1.645E+03));
#1336 = CARTESIAN_POINT('',(-18.91365005023,-17.09166198984,1.645E+03));
#1337 = CARTESIAN_POINT('',(-19.2091909949,-16.57250861834,1.645E+03));
#1338 = CARTESIAN_POINT('',(-19.49098918088,-16.04577941518,1.645E+03));
#1339 = CARTESIAN_POINT('',(-20.03849642651,-14.95608493344,1.645E+03));
#1340 = CARTESIAN_POINT('',(-20.30302830884,-14.39252842816,1.645E+03));
#1341 = CARTESIAN_POINT('',(-20.55275956135,-13.82226927931,1.645E+03));
#1342 = CARTESIAN_POINT('',(-21.03074911982,-12.65017735272,1.645E+03));
#1343 = CARTESIAN_POINT('',(-21.25799107272,-12.04793069399,1.645E+03));
#1344 = CARTESIAN_POINT('',(-21.46958110254,-11.44001790737,1.645E+03));
#1345 = CARTESIAN_POINT('',(-21.86801690095,-10.19425239837,1.645E+03));
#1346 = CARTESIAN_POINT('',(-22.05383138336,-9.556070588558,1.645E+03));
#1347 = CARTESIAN_POINT('',(-22.22314436091,-8.913322231292,1.645E+03));
#1348 = CARTESIAN_POINT('',(-22.53247373365,-7.605065582573,1.645E+03));
#1349 = CARTESIAN_POINT('',(-22.67171998851,-6.939376151978,1.645E+03));
#1350 = CARTESIAN_POINT('',(-22.79386387039,-6.270343817474,1.645E+03));
#1351 = CARTESIAN_POINT('',(-23.00572996313,-4.916355938517,1.645E+03));
#1352 = CARTESIAN_POINT('',(-23.09491080398,-4.231316743488,1.645E+03));
#1353 = CARTESIAN_POINT('',(-23.16657790926,-3.544228533149,1.645E+03));
#1354 = CARTESIAN_POINT('',(-23.27525883328,-2.16343783157,1.645E+03));
#1355 = CARTESIAN_POINT('',(-23.31207608675,-1.469720989078,1.645E+03));
#1356 = CARTESIAN_POINT('',(-23.33125399238,-0.77529401471,1.645E+03));
#1357 = CARTESIAN_POINT('',(-23.33293924187,-1.515543398856E-02,
    1.645E+03));
#1358 = CARTESIAN_POINT('',(-23.33292710914,5.051680550712E-02,1.645E+03
    ));
#1359 = CARTESIAN_POINT('',(-23.33275724804,0.116188826174,1.645E+03));
#1360 = CARTESIAN_POINT('',(-23.32888236284,0.892975031531,1.645E+03));
#1361 = CARTESIAN_POINT('',(-23.3068405132,1.603996994032,1.645E+03));
#1362 = CARTESIAN_POINT('',(-23.26630155054,2.314206217222,1.645E+03));
#1363 = CARTESIAN_POINT('',(-23.15044559,3.703974309645,1.645E+03));
#1364 = CARTESIAN_POINT('',(-23.07654238531,4.383650004694,1.645E+03));
#1365 = CARTESIAN_POINT('',(-22.98547922289,5.061243994271,1.645E+03));
#1366 = CARTESIAN_POINT('',(-22.77034769295,6.401884337939,1.645E+03));
#1367 = CARTESIAN_POINT('',(-22.64673662663,7.065003046392,1.645E+03));
#1368 = CARTESIAN_POINT('',(-22.50629372573,7.724768292788,1.645E+03));
#1369 = CARTESIAN_POINT('',(-22.19552601322,9.01969269456,1.645E+03));
#1370 = CARTESIAN_POINT('',(-22.02604108476,9.65505253247,1.645E+03));
#1371 = CARTESIAN_POINT('',(-21.84039806421,10.285888518152,1.645E+03));
#1372 = CARTESIAN_POINT('',(-21.44203232132,11.520259973584,1.645E+03));
#1373 = CARTESIAN_POINT('',(-21.23017107229,12.124072683434,1.645E+03));
#1374 = CARTESIAN_POINT('',(-21.00283559817,12.722240591286,1.645E+03));
#1375 = CARTESIAN_POINT('',(-20.5261291478,13.883657627195,1.645E+03));
#1376 = CARTESIAN_POINT('',(-20.27790063964,14.447375214577,1.645E+03));
#1377 = CARTESIAN_POINT('',(-20.01517975681,15.004496121266,1.645E+03));
#1378 = CARTESIAN_POINT('',(-19.47175024029,16.08198998699,1.645E+03));
#1379 = CARTESIAN_POINT('',(-19.19218609129,16.602939962498,1.645E+03));
#1380 = CARTESIAN_POINT('',(-18.89915938456,17.116447853573,1.645E+03));
#1381 = CARTESIAN_POINT('',(-18.29974718121,18.104631147174,1.645E+03));
#1382 = CARTESIAN_POINT('',(-17.9945338722,18.580017775331,1.645E+03));
#1383 = CARTESIAN_POINT('',(-17.67698576949,19.047263881263,1.645E+03));
#1384 = CARTESIAN_POINT('',(-17.02561640782,19.95240197815,1.645E+03));
#1385 = CARTESIAN_POINT('',(-16.69241134355,20.390737286835,1.645E+03));
#1386 = CARTESIAN_POINT('',(-16.34753360978,20.81995733351,1.645E+03));
#1387 = CARTESIAN_POINT('',(-15.65388531746,21.635969255628,1.645E+03));
#1388 = CARTESIAN_POINT('',(-15.30633542649,22.023800200699,1.645E+03));
#1389 = CARTESIAN_POINT('',(-14.94849028374,22.402157360596,1.645E+03));
#1390 = CARTESIAN_POINT('',(-14.23228888725,23.118726092994,1.645E+03));
#1391 = CARTESIAN_POINT('',(-13.8749959669,23.458002548526,1.645E+03));
#1392 = CARTESIAN_POINT('',(-13.50873719225,23.787579892953,1.645E+03));
#1393 = CARTESIAN_POINT('',(-12.7785016471,24.409207649021,1.645E+03));
#1394 = CARTESIAN_POINT('',(-12.41542745135,24.70232114235,1.645E+03));
#1395 = CARTESIAN_POINT('',(-12.04465850734,24.985632514589,1.645E+03));
#1396 = CARTESIAN_POINT('',(-11.66644162173,25.258587040483,1.645E+03));
#1397 = PCURVE('',#591,#1398);
#1398 = DEFINITIONAL_REPRESENTATION('',(#1399),#1477);
#1399 = B_SPLINE_CURVE_WITH_KNOTS('',4,(#1400,#1401,#1402,#1403,#1404,
    #1405,#1406,#1407,#1408,#1409,#1410,#1411,#1412,#1413,#1414,#1415,
    #1416,#1417,#1418,#1419,#1420,#1421,#1422,#1423,#1424,#1425,#1426,
    #1427,#1428,#1429,#1430,#1431,#1432,#1433,#1434,#1435,#1436,#1437,
    #1438,#1439,#1440,#1441,#1442,#1443,#1444,#1445,#1446,#1447,#1448,
    #1449,#1450,#1451,#1452,#1453,#1454,#1455,#1456,#1457,#1458,#1459,
    #1460,#1461,#1462,#1463,#1464,#1465,#1466,#1467,#1468,#1469,#1470,
    #1471,#1472,#1473,#1474,#1475,#1476),.UNSPECIFIED.,.F.,.F.,(5,3,3,3,
    3,3,3,3,3,3,3,3,3,3,3,3,3,3,3,3,3,3,3,3,3,5),(0.,3.24280957186E-02,
    6.658613423903E-02,0.102685544486,0.140755973613,0.180296816577,
    0.221692078838,0.264829576691,0.309430246153,0.355483974828,
    0.402604827301,0.450468065579,0.498599525591,0.50315105262,
    0.552436849131,0.599806130497,0.646542748029,0.692105011421,
    0.736443874997,0.779124787573,0.820094227222,0.859244025429,
    0.897402953083,0.933497680326,0.967651148625,1.),.UNSPECIFIED.);
#1400 = CARTESIAN_POINT('',(4.188790204786,-1.258902019746));
#1401 = CARTESIAN_POINT('',(4.166101879207,-1.258902019746));
#1402 = CARTESIAN_POINT('',(4.143861415357,-1.258902019746));
#1403 = CARTESIAN_POINT('',(4.122041192921,-1.258902019746));
#1404 = CARTESIAN_POINT('',(4.078048187605,-1.258902019746));
#1405 = CARTESIAN_POINT('',(4.055918692426,-1.258902019746));
#1406 = CARTESIAN_POINT('',(4.034198400155,-1.258902019746));
#1407 = CARTESIAN_POINT('',(3.990310922242,-1.258902019746));
#1408 = CARTESIAN_POINT('',(3.968188495539,-1.258902019746));
#1409 = CARTESIAN_POINT('',(3.946462682461,-1.258902019746));
#1410 = CARTESIAN_POINT('',(3.902582963175,-1.258902019746));
#1411 = CARTESIAN_POINT('',(3.880470445584,-1.258902019746));
#1412 = CARTESIAN_POINT('',(3.858735897975,-1.258902019746));
#1413 = CARTESIAN_POINT('',(3.815139543948,-1.258902019746));
#1414 = CARTESIAN_POINT('',(3.793305237479,-1.258902019746));
#1415 = CARTESIAN_POINT('',(3.771815716756,-1.258902019746));
#1416 = CARTESIAN_POINT('',(3.728476794564,-1.258902019746));
#1417 = CARTESIAN_POINT('',(3.706657770442,-1.258902019746));
#1418 = CARTESIAN_POINT('',(3.68515327444,-1.258902019746));
#1419 = CARTESIAN_POINT('',(3.641823270536,-1.258902019746));
#1420 = CARTESIAN_POINT('',(3.620022330738,-1.258902019746));
#1421 = CARTESIAN_POINT('',(3.598499696211,-1.258902019746));
#1422 = CARTESIAN_POINT('',(3.555232423908,-1.258902019746));
#1423 = CARTESIAN_POINT('',(3.53350500129,-1.258902019746));
#1424 = CARTESIAN_POINT('',(3.51201302397,-1.258902019746));
#1425 = CARTESIAN_POINT('',(3.468750169201,-1.258902019746));
#1426 = CARTESIAN_POINT('',(3.44699299934,-1.258902019746));
#1427 = CARTESIAN_POINT('',(3.425425781522,-1.258902019746));
#1428 = CARTESIAN_POINT('',(3.382118947321,-1.258902019746));
#1429 = CARTESIAN_POINT('',(3.360386897088,-1.258902019746));
#1430 = CARTESIAN_POINT('',(3.338794044174,-1.258902019746));
#1431 = CARTESIAN_POINT('',(3.295492319396,-1.258902019746));
#1432 = CARTESIAN_POINT('',(3.27378696038,-1.258902019746));
#1433 = CARTESIAN_POINT('',(3.252166991353,-1.258902019746));
#1434 = CARTESIAN_POINT('',(3.208921064759,-1.258902019746));
#1435 = CARTESIAN_POINT('',(3.187295733793,-1.258902019746));
#1436 = CARTESIAN_POINT('',(3.165700009946,-1.258902019746));
#1437 = CARTESIAN_POINT('',(3.142063894312,-1.258902019746));
#1438 = CARTESIAN_POINT('',(3.140021875509,-1.258902019746));
#1439 = CARTESIAN_POINT('',(3.137979847583,-1.258902019746));
#1440 = CARTESIAN_POINT('',(3.113825517477,-1.258902019746));
#1441 = CARTESIAN_POINT('',(3.091709386598,-1.258902019746));
#1442 = CARTESIAN_POINT('',(3.069559370812,-1.258902019746));
#1443 = CARTESIAN_POINT('',(3.025994204515,-1.258902019746));
#1444 = CARTESIAN_POINT('',(3.004583952684,-1.258902019746));
#1445 = CARTESIAN_POINT('',(2.983086951959,-1.258902019746));
#1446 = CARTESIAN_POINT('',(2.940151051052,-1.258902019746));
#1447 = CARTESIAN_POINT('',(2.918715191878,-1.258902019746));
#1448 = CARTESIAN_POINT('',(2.897139702292,-1.258902019746));
#1449 = CARTESIAN_POINT('',(2.854196749553,-1.258902019746));
#1450 = CARTESIAN_POINT('',(2.832837664305,-1.258902019746));
#1451 = CARTESIAN_POINT('',(2.81129041107,-1.258902019746));
#1452 = CARTESIAN_POINT('',(2.768343693692,-1.258902019746));
#1453 = CARTESIAN_POINT('',(2.746955780275,-1.258902019746));
#1454 = CARTESIAN_POINT('',(2.725333314695,-1.258902019746));
#1455 = CARTESIAN_POINT('',(2.682375538,-1.258902019746));
#1456 = CARTESIAN_POINT('',(2.661059707799,-1.258902019746));
#1457 = CARTESIAN_POINT('',(2.639469974829,-1.258902019746));
#1458 = CARTESIAN_POINT('',(2.5965579954,-1.258902019746));
#1459 = CARTESIAN_POINT('',(2.575259726004,-1.258902019746));
#1460 = CARTESIAN_POINT('',(2.553652478418,-1.258902019746));
#1461 = CARTESIAN_POINT('',(2.510731918587,-1.258902019746));
#1462 = CARTESIAN_POINT('',(2.489448165594,-1.258902019746));
#1463 = CARTESIAN_POINT('',(2.467826102642,-1.258902019746));
#1464 = CARTESIAN_POINT('',(2.424399697337,-1.258902019746));
#1465 = CARTESIAN_POINT('',(2.402613811698,-1.258902019746));
#1466 = CARTESIAN_POINT('',(2.380448130166,-1.258902019746));
#1467 = CARTESIAN_POINT('',(2.336513241984,-1.258902019746));
#1468 = CARTESIAN_POINT('',(2.314787445809,-1.258902019746));
#1469 = CARTESIAN_POINT('',(2.292664998923,-1.258902019746));
#1470 = CARTESIAN_POINT('',(2.248777503774,-1.258902019746));
#1471 = CARTESIAN_POINT('',(2.227057221058,-1.258902019746));
#1472 = CARTESIAN_POINT('',(2.204927712252,-1.258902019746));
#1473 = CARTESIAN_POINT('',(2.160984140493,-1.258902019746));
#1474 = CARTESIAN_POINT('',(2.139215191079,-1.258902019746));
#1475 = CARTESIAN_POINT('',(2.117027984482,-1.258902019746));
#1476 = CARTESIAN_POINT('',(2.094395102393,-1.258902019746));
#1477 = ( GEOMETRIC_REPRESENTATION_CONTEXT(2) 
PARAMETRIC_REPRESENTATION_CONTEXT() REPRESENTATION_CONTEXT('2D SPACE',''
  ) );
#1478 = PCURVE('',#420,#1479);
#1479 = DEFINITIONAL_REPRESENTATION('',(#1480),#1558);
#1480 = B_SPLINE_CURVE_WITH_KNOTS('',4,(#1481,#1482,#1483,#1484,#1485,
    #1486,#1487,#1488,#1489,#1490,#1491,#1492,#1493,#1494,#1495,#1496,
    #1497,#1498,#1499,#1500,#1501,#1502,#1503,#1504,#1505,#1506,#1507,
    #1508,#1509,#1510,#1511,#1512,#1513,#1514,#1515,#1516,#1517,#1518,
    #1519,#1520,#1521,#1522,#1523,#1524,#1525,#1526,#1527,#1528,#1529,
    #1530,#1531,#1532,#1533,#1534,#1535,#1536,#1537,#1538,#1539,#1540,
    #1541,#1542,#1543,#1544,#1545,#1546,#1547,#1548,#1549,#1550,#1551,
    #1552,#1553,#1554,#1555,#1556,#1557),.UNSPECIFIED.,.F.,.F.,(5,3,3,3,
    3,3,3,3,3,3,3,3,3,3,3,3,3,3,3,3,3,3,3,3,3,5),(0.,3.24280957186E-02,
    6.658613423903E-02,0.102685544486,0.140755973613,0.180296816577,
    0.221692078838,0.264829576691,0.309430246153,0.355483974828,
    0.402604827301,0.450468065579,0.498599525591,0.50315105262,
    0.552436849131,0.599806130497,0.646542748029,0.692105011421,
    0.736443874997,0.779124787573,0.820094227222,0.859244025429,
    0.897402953083,0.933497680326,0.967651148625,1.),.UNSPECIFIED.);
#1481 = CARTESIAN_POINT('',(-11.66644162173,-25.25858704048));
#1482 = CARTESIAN_POINT('',(-12.04558502056,-24.98496386126));
#1483 = CARTESIAN_POINT('',(-12.41724394016,-24.70093303034));
#1484 = CARTESIAN_POINT('',(-12.7811697644,-24.40705336573));
#1485 = CARTESIAN_POINT('',(-13.51220667453,-23.78450199873));
#1486 = CARTESIAN_POINT('',(-13.87845132291,-23.45481019013));
#1487 = CARTESIAN_POINT('',(-14.23572695934,-23.11541960317));
#1488 = CARTESIAN_POINT('',(-14.95188505262,-22.39861857357));
#1489 = CARTESIAN_POINT('',(-15.30970390285,-22.02014338549));
#1490 = CARTESIAN_POINT('',(-15.65722432623,-21.6321951588));
#1491 = CARTESIAN_POINT('',(-16.34993294685,-20.81697084356));
#1492 = CARTESIAN_POINT('',(-16.69395681729,-20.38870406546));
#1493 = CARTESIAN_POINT('',(-17.02636205525,-19.95136583194));
#1494 = CARTESIAN_POINT('',(-17.68028054319,-19.04268548784));
#1495 = CARTESIAN_POINT('',(-18.00087624315,-18.57068278831));
#1496 = CARTESIAN_POINT('',(-18.30888929918,-18.09038362013));
#1497 = CARTESIAN_POINT('',(-18.91365005023,-17.09166198984));
#1498 = CARTESIAN_POINT('',(-19.2091909949,-16.57250861834));
#1499 = CARTESIAN_POINT('',(-19.49098918088,-16.04577941518));
#1500 = CARTESIAN_POINT('',(-20.03849642651,-14.95608493344));
#1501 = CARTESIAN_POINT('',(-20.30302830884,-14.39252842816));
#1502 = CARTESIAN_POINT('',(-20.55275956135,-13.82226927931));
#1503 = CARTESIAN_POINT('',(-21.03074911982,-12.65017735272));
#1504 = CARTESIAN_POINT('',(-21.25799107272,-12.04793069399));
#1505 = CARTESIAN_POINT('',(-21.46958110254,-11.44001790737));
#1506 = CARTESIAN_POINT('',(-21.86801690095,-10.19425239837));
#1507 = CARTESIAN_POINT('',(-22.05383138336,-9.556070588558));
#1508 = CARTESIAN_POINT('',(-22.22314436091,-8.913322231292));
#1509 = CARTESIAN_POINT('',(-22.53247373365,-7.605065582573));
#1510 = CARTESIAN_POINT('',(-22.67171998851,-6.939376151978));
#1511 = CARTESIAN_POINT('',(-22.79386387039,-6.270343817474));
#1512 = CARTESIAN_POINT('',(-23.00572996313,-4.916355938517));
#1513 = CARTESIAN_POINT('',(-23.09491080398,-4.231316743488));
#1514 = CARTESIAN_POINT('',(-23.16657790926,-3.544228533149));
#1515 = CARTESIAN_POINT('',(-23.27525883328,-2.16343783157));
#1516 = CARTESIAN_POINT('',(-23.31207608675,-1.469720989078));
#1517 = CARTESIAN_POINT('',(-23.33125399238,-0.77529401471));
#1518 = CARTESIAN_POINT('',(-23.33293924187,-1.515543398856E-02));
#1519 = CARTESIAN_POINT('',(-23.33292710914,5.051680550712E-02));
#1520 = CARTESIAN_POINT('',(-23.33275724804,0.116188826174));
#1521 = CARTESIAN_POINT('',(-23.32888236284,0.892975031531));
#1522 = CARTESIAN_POINT('',(-23.3068405132,1.603996994032));
#1523 = CARTESIAN_POINT('',(-23.26630155054,2.314206217222));
#1524 = CARTESIAN_POINT('',(-23.15044559,3.703974309645));
#1525 = CARTESIAN_POINT('',(-23.07654238531,4.383650004694));
#1526 = CARTESIAN_POINT('',(-22.98547922289,5.061243994271));
#1527 = CARTESIAN_POINT('',(-22.77034769295,6.401884337939));
#1528 = CARTESIAN_POINT('',(-22.64673662663,7.065003046392));
#1529 = CARTESIAN_POINT('',(-22.50629372573,7.724768292788));
#1530 = CARTESIAN_POINT('',(-22.19552601322,9.01969269456));
#1531 = CARTESIAN_POINT('',(-22.02604108476,9.65505253247));
#1532 = CARTESIAN_POINT('',(-21.84039806421,10.285888518152));
#1533 = CARTESIAN_POINT('',(-21.44203232132,11.520259973584));
#1534 = CARTESIAN_POINT('',(-21.23017107229,12.124072683434));
#1535 = CARTESIAN_POINT('',(-21.00283559817,12.722240591286));
#1536 = CARTESIAN_POINT('',(-20.5261291478,13.883657627195));
#1537 = CARTESIAN_POINT('',(-20.27790063964,14.447375214577));
#1538 = CARTESIAN_POINT('',(-20.01517975681,15.004496121266));
#1539 = CARTESIAN_POINT('',(-19.47175024029,16.08198998699));
#1540 = CARTESIAN_POINT('',(-19.19218609129,16.602939962498));
#1541 = CARTESIAN_POINT('',(-18.89915938456,17.116447853573));
#1542 = CARTESIAN_POINT('',(-18.29974718121,18.104631147174));
#1543 = CARTESIAN_POINT('',(-17.9945338722,18.580017775331));
#1544 = CARTESIAN_POINT('',(-17.67698576949,19.047263881263));
#1545 = CARTESIAN_POINT('',(-17.02561640782,19.95240197815));
#1546 = CARTESIAN_POINT('',(-16.69241134355,20.390737286835));
#1547 = CARTESIAN_POINT('',(-16.34753360978,20.81995733351));
#1548 = CARTESIAN_POINT('',(-15.65388531746,21.635969255628));
#1549 = CARTESIAN_POINT('',(-15.30633542649,22.023800200699));
#1550 = CARTESIAN_POINT('',(-14.94849028374,22.402157360596));
#1551 = CARTESIAN_POINT('',(-14.23228888725,23.118726092994));
#1552 = CARTESIAN_POINT('',(-13.8749959669,23.458002548526));
#1553 = CARTESIAN_POINT('',(-13.50873719225,23.787579892953));
#1554 = CARTESIAN_POINT('',(-12.7785016471,24.409207649021));
#1555 = CARTESIAN_POINT('',(-12.41542745135,24.70232114235));
#1556 = CARTESIAN_POINT('',(-12.04465850734,24.985632514589));
#1557 = CARTESIAN_POINT('',(-11.66644162173,25.258587040483));
#1558 = ( GEOMETRIC_REPRESENTATION_CONTEXT(2) 
PARAMETRIC_REPRESENTATION_CONTEXT() REPRESENTATION_CONTEXT('2D SPACE',''
  ) );
#1559 = ORIENTED_EDGE('',*,*,#694,.T.);
#1560 = ORIENTED_EDGE('',*,*,#1561,.F.);
#1561 = EDGE_CURVE('',#576,#697,#1562,.T.);
#1562 = SURFACE_CURVE('',#1563,(#1567,#1574),.PCURVE_S1.);
#1563 = ( BOUNDED_CURVE() B_SPLINE_CURVE(2,(#1564,#1565,#1566),
.UNSPECIFIED.,.F.,.F.) B_SPLINE_CURVE_WITH_KNOTS((3,3),(2.094395102393,
4.188790204786),.PIECEWISE_BEZIER_KNOTS.) CURVE() 
GEOMETRIC_REPRESENTATION_ITEM() RATIONAL_B_SPLINE_CURVE((1.,0.5,1.)) 
REPRESENTATION_ITEM('') );
#1564 = CARTESIAN_POINT('',(-40.,86.602540378444,1.755E+03));
#1565 = CARTESIAN_POINT('',(-160.,-2.449293598295E-14,1.755E+03));
#1566 = CARTESIAN_POINT('',(-40.,-86.60254037844,1.755E+03));
#1567 = PCURVE('',#591,#1568);
#1568 = DEFINITIONAL_REPRESENTATION('',(#1569),#1573);
#1569 = LINE('',#1570,#1571);
#1570 = CARTESIAN_POINT('',(0.,0.));
#1571 = VECTOR('',#1572,1.);
#1572 = DIRECTION('',(1.,0.));
#1573 = ( GEOMETRIC_REPRESENTATION_CONTEXT(2) 
PARAMETRIC_REPRESENTATION_CONTEXT() REPRESENTATION_CONTEXT('2D SPACE',''
  ) );
#1574 = PCURVE('',#1270,#1575);
#1575 = DEFINITIONAL_REPRESENTATION('',(#1576),#1580);
#1576 = LINE('',#1577,#1578);
#1577 = CARTESIAN_POINT('',(0.,0.));
#1578 = VECTOR('',#1579,1.);
#1579 = DIRECTION('',(1.,0.));
#1580 = ( GEOMETRIC_REPRESENTATION_CONTEXT(2) 
PARAMETRIC_REPRESENTATION_CONTEXT() REPRESENTATION_CONTEXT('2D SPACE',''
  ) );
#1581 = ADVANCED_FACE('',(#1582,#1613),#420,.T.);
#1582 = FACE_BOUND('',#1583,.T.);
#1583 = EDGE_LOOP('',(#1584));
#1584 = ORIENTED_EDGE('',*,*,#1585,.T.);
#1585 = EDGE_CURVE('',#1586,#1586,#1588,.T.);
#1586 = VERTEX_POINT('',#1587);
#1587 = CARTESIAN_POINT('',(55.,-1.347111479062E-14,1.645E+03));
#1588 = SURFACE_CURVE('',#1589,(#1594,#1601),.PCURVE_S1.);
#1589 = CIRCLE('',#1590,55.);
#1590 = AXIS2_PLACEMENT_3D('',#1591,#1592,#1593);
#1591 = CARTESIAN_POINT('',(0.,0.,1.645E+03));
#1592 = DIRECTION('',(0.,0.,1.));
#1593 = DIRECTION('',(1.,0.,-0.));
#1594 = PCURVE('',#420,#1595);
#1595 = DEFINITIONAL_REPRESENTATION('',(#1596),#1600);
#1596 = CIRCLE('',#1597,55.);
#1597 = AXIS2_PLACEMENT_2D('',#1598,#1599);
#1598 = CARTESIAN_POINT('',(0.,0.));
#1599 = DIRECTION('',(1.,0.));
#1600 = ( GEOMETRIC_REPRESENTATION_CONTEXT(2) 
PARAMETRIC_REPRESENTATION_CONTEXT() REPRESENTATION_CONTEXT('2D SPACE',''
  ) );
#1601 = PCURVE('',#1602,#1607);
#1602 = CYLINDRICAL_SURFACE('',#1603,55.);
#1603 = AXIS2_PLACEMENT_3D('',#1604,#1605,#1606);
#1604 = CARTESIAN_POINT('',(0.,0.,1.535E+03));
#1605 = DIRECTION('',(0.,0.,1.));
#1606 = DIRECTION('',(1.,0.,-0.));
#1607 = DEFINITIONAL_REPRESENTATION('',(#1608),#1612);
#1608 = LINE('',#1609,#1610);
#1609 = CARTESIAN_POINT('',(0.,110.));
#1610 = VECTOR('',#1611,1.);
#1611 = DIRECTION('',(1.,0.));
#1612 = ( GEOMETRIC_REPRESENTATION_CONTEXT(2) 
PARAMETRIC_REPRESENTATION_CONTEXT() REPRESENTATION_CONTEXT('2D SPACE',''
  ) );
#1613 = FACE_BOUND('',#1614,.T.);
#1614 = EDGE_LOOP('',(#1615,#1616,#1617));
#1615 = ORIENTED_EDGE('',*,*,#1317,.T.);
#1616 = ORIENTED_EDGE('',*,*,#118,.T.);
#1617 = ORIENTED_EDGE('',*,*,#719,.T.);
#1618 = ADVANCED_FACE('',(#1619),#1184,.T.);
#1619 = FACE_BOUND('',#1620,.T.);
#1620 = EDGE_LOOP('',(#1621,#1644,#1645));
#1621 = ORIENTED_EDGE('',*,*,#1622,.F.);
#1622 = EDGE_CURVE('',#697,#1623,#1625,.T.);
#1623 = VERTEX_POINT('',#1624);
#1624 = CARTESIAN_POINT('',(-2.449293598295E-15,-5.302876193625E-15,
    1.87E+03));
#1625 = SURFACE_CURVE('',#1626,(#1630,#1637),.PCURVE_S1.);
#1626 = ( BOUNDED_CURVE() B_SPLINE_CURVE(2,(#1627,#1628,#1629),
.UNSPECIFIED.,.F.,.F.) B_SPLINE_CURVE_WITH_KNOTS((3,3),(0.,
1.570796326795),.PIECEWISE_BEZIER_KNOTS.) CURVE() 
GEOMETRIC_REPRESENTATION_ITEM() RATIONAL_B_SPLINE_CURVE((1.,
0.707106781187,1.)) REPRESENTATION_ITEM('') );
#1627 = CARTESIAN_POINT('',(-40.,-86.60254037844,1.755E+03));
#1628 = CARTESIAN_POINT('',(-40.,-86.60254037844,1.87E+03));
#1629 = CARTESIAN_POINT('',(-2.449293598295E-15,-5.302876193625E-15,
    1.87E+03));
#1630 = PCURVE('',#1184,#1631);
#1631 = DEFINITIONAL_REPRESENTATION('',(#1632),#1636);
#1632 = LINE('',#1633,#1634);
#1633 = CARTESIAN_POINT('',(4.188790204786,0.));
#1634 = VECTOR('',#1635,1.);
#1635 = DIRECTION('',(0.,1.));
#1636 = ( GEOMETRIC_REPRESENTATION_CONTEXT(2) 
PARAMETRIC_REPRESENTATION_CONTEXT() REPRESENTATION_CONTEXT('2D SPACE',''
  ) );
#1637 = PCURVE('',#1270,#1638);
#1638 = DEFINITIONAL_REPRESENTATION('',(#1639),#1643);
#1639 = LINE('',#1640,#1641);
#1640 = CARTESIAN_POINT('',(4.188790204786,0.));
#1641 = VECTOR('',#1642,1.);
#1642 = DIRECTION('',(0.,1.));
#1643 = ( GEOMETRIC_REPRESENTATION_CONTEXT(2) 
PARAMETRIC_REPRESENTATION_CONTEXT() REPRESENTATION_CONTEXT('2D SPACE',''
  ) );
#1644 = ORIENTED_EDGE('',*,*,#1170,.T.);
#1645 = ORIENTED_EDGE('',*,*,#1230,.T.);
#1646 = ADVANCED_FACE('',(#1647),#1270,.T.);
#1647 = FACE_BOUND('',#1648,.T.);
#1648 = EDGE_LOOP('',(#1649,#1650,#1651));
#1649 = ORIENTED_EDGE('',*,*,#1254,.F.);
#1650 = ORIENTED_EDGE('',*,*,#1561,.T.);
#1651 = ORIENTED_EDGE('',*,*,#1622,.T.);
#1652 = ADVANCED_FACE('',(#1653),#1602,.T.);
#1653 = FACE_BOUND('',#1654,.T.);
#1654 = EDGE_LOOP('',(#1655,#1656,#1679,#1706));
#1655 = ORIENTED_EDGE('',*,*,#1585,.F.);
#1656 = ORIENTED_EDGE('',*,*,#1657,.F.);
#1657 = EDGE_CURVE('',#1658,#1586,#1660,.T.);
#1658 = VERTEX_POINT('',#1659);
#1659 = CARTESIAN_POINT('',(55.,-1.347111479062E-14,1.535E+03));
#1660 = SEAM_CURVE('',#1661,(#1665,#1672),.PCURVE_S1.);
#1661 = LINE('',#1662,#1663);
#1662 = CARTESIAN_POINT('',(55.,-1.347111479062E-14,1.535E+03));
#1663 = VECTOR('',#1664,1.);
#1664 = DIRECTION('',(0.,0.,1.));
#1665 = PCURVE('',#1602,#1666);
#1666 = DEFINITIONAL_REPRESENTATION('',(#1667),#1671);
#1667 = LINE('',#1668,#1669);
#1668 = CARTESIAN_POINT('',(6.28318530718,-0.));
#1669 = VECTOR('',#1670,1.);
#1670 = DIRECTION('',(0.,1.));
#1671 = ( GEOMETRIC_REPRESENTATION_CONTEXT(2) 
PARAMETRIC_REPRESENTATION_CONTEXT() REPRESENTATION_CONTEXT('2D SPACE',''
  ) );
#1672 = PCURVE('',#1602,#1673);
#1673 = DEFINITIONAL_REPRESENTATION('',(#1674),#1678);
#1674 = LINE('',#1675,#1676);
#1675 = CARTESIAN_POINT('',(0.,-0.));
#1676 = VECTOR('',#1677,1.);
#1677 = DIRECTION('',(0.,1.));
#1678 = ( GEOMETRIC_REPRESENTATION_CONTEXT(2) 
PARAMETRIC_REPRESENTATION_CONTEXT() REPRESENTATION_CONTEXT('2D SPACE',''
  ) );
#1679 = ORIENTED_EDGE('',*,*,#1680,.T.);
#1680 = EDGE_CURVE('',#1658,#1658,#1681,.T.);
#1681 = SURFACE_CURVE('',#1682,(#1687,#1694),.PCURVE_S1.);
#1682 = CIRCLE('',#1683,55.);
#1683 = AXIS2_PLACEMENT_3D('',#1684,#1685,#1686);
#1684 = CARTESIAN_POINT('',(0.,0.,1.535E+03));
#1685 = DIRECTION('',(0.,0.,1.));
#1686 = DIRECTION('',(1.,0.,-0.));
#1687 = PCURVE('',#1602,#1688);
#1688 = DEFINITIONAL_REPRESENTATION('',(#1689),#1693);
#1689 = LINE('',#1690,#1691);
#1690 = CARTESIAN_POINT('',(0.,0.));
#1691 = VECTOR('',#1692,1.);
#1692 = DIRECTION('',(1.,0.));
#1693 = ( GEOMETRIC_REPRESENTATION_CONTEXT(2) 
PARAMETRIC_REPRESENTATION_CONTEXT() REPRESENTATION_CONTEXT('2D SPACE',''
  ) );
#1694 = PCURVE('',#1695,#1700);
#1695 = PLANE('',#1696);
#1696 = AXIS2_PLACEMENT_3D('',#1697,#1698,#1699);
#1697 = CARTESIAN_POINT('',(0.,0.,1.535E+03));
#1698 = DIRECTION('',(0.,0.,1.));
#1699 = DIRECTION('',(1.,0.,-0.));
#1700 = DEFINITIONAL_REPRESENTATION('',(#1701),#1705);
#1701 = CIRCLE('',#1702,55.);
#1702 = AXIS2_PLACEMENT_2D('',#1703,#1704);
#1703 = CARTESIAN_POINT('',(0.,0.));
#1704 = DIRECTION('',(1.,0.));
#1705 = ( GEOMETRIC_REPRESENTATION_CONTEXT(2) 
PARAMETRIC_REPRESENTATION_CONTEXT() REPRESENTATION_CONTEXT('2D SPACE',''
  ) );
#1706 = ORIENTED_EDGE('',*,*,#1657,.T.);
#1707 = ADVANCED_FACE('',(#1708),#1695,.F.);
#1708 = FACE_BOUND('',#1709,.T.);
#1709 = EDGE_LOOP('',(#1710));
#1710 = ORIENTED_EDGE('',*,*,#1680,.F.);
#1711 = ( GEOMETRIC_REPRESENTATION_CONTEXT(3) 
GLOBAL_UNCERTAINTY_ASSIGNED_CONTEXT((#1715)) 
GLOBAL_UNIT_ASSIGNED_CONTEXT((#1712,#1713,#1714)) REPRESENTATION_CONTEXT
('Context #1','3D Context with UNIT and UNCERTAINTY') );
#1712 = ( LENGTH_UNIT() NAMED_UNIT(*) SI_UNIT(.MILLI.,.METRE.) );
#1713 = ( NAMED_UNIT(*) PLANE_ANGLE_UNIT() SI_UNIT($,.RADIAN.) );
#1714 = ( NAMED_UNIT(*) SI_UNIT($,.STERADIAN.) SOLID_ANGLE_UNIT() );
#1715 = UNCERTAINTY_MEASURE_WITH_UNIT(LENGTH_MEASURE(1.E-06),#1712,
  'distance_accuracy_value','confusion accuracy');
#1716 = PRODUCT_RELATED_PRODUCT_CATEGORY('part',$,(#7));
ENDSEC;
END-ISO-10303-21;
